Smiles,Scores,chembl_id,chembl_pref_name
C#Cc1cccc(Nc2ncnc3cc(OCCOC)c(OCCO)cc23)c1,0.8913043478260869,CHEMBL3186743,None
C#Cc1cccc(Nc2ncnc3cc(OCCOC(=O)c4ccccc4OC(C)=O)c(OCCOC)cc23)c1,0.803921568627451,CHEMBL3741424,None
C#Cc1cccc(Nc2ncnc3cc(OC(C)COC)c4c(c23)OCCO4)c1,0.7755102040816326,CHEMBL3805584,None
C#Cc1cccc(Nc2ncnc3cc(OCCOC)c(OCCOC(=O)C(C)c4ccc(CC(C)C)cc4)cc23)c1,0.7592592592592593,CHEMBL3741533,None
C#Cc1cccc(Nc2ncnc3cc(OCCOC)c(OCCCCCCC(=O)NO)cc23)c1,0.7592592592592593,CHEMBL3893111,None
C#Cc1cccc(Nc2ncnc3cc(OCCCN4CCOCC4)c(OCCCN4CCOCC4)cc23)c1,0.7254901960784313,CHEMBL4168382,None
C#Cc1cccc(Nc2ncnc3cc(OCCOC(=O)C(C)c4ccc(CC(C)C)cc4)c(OCCOC(=O)C(C)c4ccc(CC(C)C)cc4)cc23)c1,0.7222222222222222,CHEMBL3739528,None
Cl.FC(F)(F)c1cccc(Nc2ncnc3cc4c(cc23)OCCO4)c1,0.717391304347826,CHEMBL602493,None
c1ccc(COc2cccc(Nc3ncnc4cc5c(cc34)OCCOCCOCCO5)c2)cc1,0.7142857142857143,CHEMBL4517374,None
Cc1cccc(Nc2ncnc3cc4c(cc23)OCCCO4)c1,0.7111111111111111,CHEMBL1198362,None
CCOc1cc2ncnc(Nc3ccccc3)c2cc1OCC,0.6976744186046512,CHEMBL65055,None
c1ccc(COc2ccccc2Nc2ncnc3cc4c(cc23)OCCOCCOCCO4)cc1,0.6938775510204082,CHEMBL4458384,None
c1ccc(-c2cccc(Nc3ncnc4cc5c(cc34)OCCO5)c2)cc1,0.6888888888888889,CHEMBL3040806,None
C=CCOc1cc2ncnc(Nc3cccc(C)c3)c2cc1OC,0.6875,CHEMBL3040788,None
Brc1cccc(Nc2ncnc3cc4c(cc23)OCCSCCO4)c1,0.6875,CHEMBL2087357,None
COCCOc1cc2ncnc(Nc3cccc(N(CCCl)CCCl)c3)c2cc1OCCOC,0.6862745098039216,CHEMBL3040850,None
C#Cc1cccc(Nc2ncnc3cc(OC)c(OCCCC(=O)NO)cc23)c1,0.6851851851851852,CHEMBL3941197,None
COCCOc1cc2ncnc(Nc3ccc(N(CCCl)CCCl)cc3)c2cc1OCCOC.Cl,0.68,CHEMBL2417871,None
COCCOc1cc2ncnc(Nc3ccc(N(CCCl)CCCl)cc3)c2cc1OCCOC,0.68,CHEMBL3040909,None
C#Cc1cccc(Nc2ncnc3ccccc23)c1,0.6744186046511628,CHEMBL4571565,None
COc1cc2ncnc(Nc3ccccc3)c2cc1OC.Cl,0.6744186046511628,CHEMBL542484,None
COCCOc1cc2ncnc(Nc3ccc(Cl)cc3F)c2cc1OCCOC,0.673469387755102,CHEMBL148869,None
COCCOc1cc2ncnc(Nc3ccccc3N(CCCl)CCCl)c2cc1OCCOC.Cl,0.6666666666666666,CHEMBL2417869,None
COc1cc2ncnc(Nc3ccc(C)cc3)c2cc1OC.Cl,0.6666666666666666,CHEMBL1641778,None
COCCOc1cc2ncnc(Nc3ccccc3N(CCCl)CCCl)c2cc1OCCOC,0.6666666666666666,CHEMBL3040794,None
FC(F)(F)c1cccc(Nc2ncnc3cc4c(cc23)OCCCO4)c1,0.6666666666666666,CHEMBL1198363,None
C#Cc1cccc(Nc2c(C#N)cnc3cc(OCCOC)c(OCCOC)cc23)c1,0.66,CHEMBL95320,None
COC(=O)c1ccc(Nc2ncnc3cc(OC)c(OC)cc23)cc1,0.6595744680851063,CHEMBL3220400,None
Cc1cccc(Nc2ncnc3cc4c(cc23)OCO4)c1,0.6521739130434783,CHEMBL1197967,None
COCCOc1cc2c(Nc3cccc(-c4csc(C)n4)c3)ncnc2cc1OC,0.6481481481481481,CHEMBL127249,None
Brc1cccc(Nc2ncnc3cc4c(cc23)OCCOCOCOCCO4)c1,0.6470588235294118,CHEMBL2087356,None
COc1cc2ncnc(Nc3ccc(OCc4ccccc4)c(OCc4ccccc4)c3)c2cc1OC,0.6458333333333334,CHEMBL527269,None
COc1cc2ncnc(Nc3cccc(N)c3)c2cc1OC,0.6444444444444445,CHEMBL3220401,None
C#Cc1cccc(Nc2nc(NCc3ccccc3)nc3cc(OC)c(OC)cc23)c1,0.64,CHEMBL2148041,None
COCCOc1cc2ncnc(Nc3ccc(F)c(Cl)c3)c2c2c1OCCO2,0.64,CHEMBL3806110,None
COc1cc2ncnc(Nc3ccc4c(c3)CCC4)c2cc1OC,0.6382978723404256,CHEMBL1196033,None
COC[C@H]1Oc2cc3ncnc(Nc4cccc(I)c4)c3cc2O[C@@H]1COC,0.6274509803921569,CHEMBL516979,None
COc1cc2ncnc(Nc3ccc4c(c3)CCC4)c2cc1OC.Cl,0.625,CHEMBL555797,None
C#Cc1cccc(Nc2ncnc3cc(OC)c(OC4CCN(C(=O)C=C)CC4)cc23)c1,0.625,CHEMBL3955524,None
C#Cc1cccc(Nc2ncnc3ccc(OCCCCC(=O)NO)cc23)c1,0.625,CHEMBL3915273,None
COc1cc2ncnc(Nc3ccc(OC(F)(F)c4ccccc4)cc3)c2cc1OC.Cl,0.62,CHEMBL529120,None
COc1cc2ncnc(Nc3ccc(OC(F)(F)c4ccccc4)cc3)c2cc1OC,0.62,CHEMBL526757,None
CCOc1cc2ncnc(Nc3ccc(C)c(Cl)c3)c2cc1OCC,0.62,CHEMBL303292,None
C#Cc1cccc(Nc2ncnc3cc(OC)c(OCCCN4C[C@H](O)[C@@H](O)[C@H](O)[C@H]4CO)cc23)c1,0.6166666666666667,CHEMBL4095130,None
O=[N+]([O-])c1ccc(COc2cccc(Nc3ncnc4cc5c(cc34)OCCOCCO5)c2)cc1,0.6140350877192983,CHEMBL4543269,None
COc1cc2ncnc(Nc3ccc(C)c(C(F)(F)F)c3)c2cc1OC,0.6122448979591837,CHEMBL1277527,None
COc1cc2ncnc(Nc3ccc(C)c(Br)c3)c2cc1OC,0.6122448979591837,CHEMBL1277434,None
C/C=C/c1ccc(Nc2ncnc3cc(OCCN4CCOCC4)c(OCCN4CCOCC4)cc23)cc1,0.6111111111111112,CHEMBL4165777,None
COc1cc(Nc2ncnc3cc(OC)c(OC)cc23)cc(OC)c1,0.6,CHEMBL1192428,None
COc1cc2c(Nc3cccc(C(F)(F)F)c3)ncnc2c(OC)c1OC,0.6,CHEMBL4127990,None
COc1cc2c(Nc3cccc(C#N)c3)ncnc2cc1OCCCN1CCCCC1,0.6,CHEMBL4174281,None
CCOc1cc2ncnc(Nc3ccc(OCc4ccccc4Br)c(OC)c3)c2cc1OCC,0.6,CHEMBL533478,None
O=[N+]([O-])c1ccc(COc2ccccc2Nc2ncnc3cc4c(cc23)OCCOCCOCCO4)cc1,0.5964912280701754,CHEMBL4538874,None
c1ccc(-c2cccc(Nc3ncnc4cc5c(cc34)OCCO5)c2)nc1,0.5961538461538461,CHEMBL3305619,None
CS(=O)(=O)Nc1cccc(Nc2ncnc3cc4c(cc23)OCCO4)c1,0.5961538461538461,CHEMBL3040841,None
COc1cc2ncnc(Nc3ccc([18F])cc3)c2cc1OC,0.5957446808510638,CHEMBL1774649,None
COc1cc2ncnc(Nc3ccc4c(c3)OCO4)c2cc1OC,0.5957446808510638,CHEMBL1369868,None
COc1cc2ncnc(Nc3ccc(F)cc3)c2cc1OC.Cl,0.5957446808510638,CHEMBL1203934,None
CCOc1cc2ncnc(Nc3ccccc3F)c2cc1OCC,0.5918367346938775,CHEMBL225199,None
CCOc1cc2ncnc(Nc3ccccc3[18F])c2cc1OCC,0.5918367346938775,CHEMBL1774650,None
COc1ccc2ncnc(Nc3ccccc3)c2c1.Cl,0.5869565217391305,CHEMBL539102,None
COc1cc2ncnc(Nc3ccc(OCc4ccccc4Br)c(OC)c3)c2cc1OC,0.5849056603773585,CHEMBL587144,None
COc1cc2ncnc(Nc3ccc(F)c(Cl)c3)c2cc1N1CCOCC1,0.5849056603773585,CHEMBL3623283,None
COc1cc2ncnc(Nc3ccc(OCc4ccccc4)c(I)c3)c2cc1OC,0.5849056603773585,CHEMBL531423,None
Cl.c1ccc(-c2cccc(Nc3ncnc4cc5c(cc34)OCCO5)c2)nc1,0.5849056603773585,CHEMBL3297956,None
COc1cc2ncnc(Nc3ccc(OCc4ccccc4)c(C(F)(F)F)c3)c2cc1OC,0.5849056603773585,CHEMBL532790,None
COc1cc2ncnc(Nc3ccc(Br)c(Br)c3)c2cc1OC,0.5833333333333334,CHEMBL327307,None
COc1cc2ncnc(Nc3ccc(F)c(Cl)c3)c2cc1OC,0.5833333333333334,CHEMBL301018,None
COc1cc2ncnc(Nc3ccccc3Br)c2cc1OC,0.5833333333333334,CHEMBL92174,None
COc1cc2ncnc(Nc3ccccc3F)c2cc1OC.Cl,0.5833333333333334,CHEMBL1204360,None
COc1cc2c(Nc3ccccc3C#N)ncnc2cc1OCCCN1CCCC1,0.5818181818181818,CHEMBL4176139,None
COc1cc2c(Nc3cccc4c3OCCO4)ncnc2cc1OCCCN1CCOCC1,0.5818181818181818,CHEMBL171423,None
C#Cc1cccc(Nc2ncnc3cc(N4CCN(C)CC4)c(F)cc23)c1,0.5818181818181818,CHEMBL4516464,None
CCOc1cc2ncnc(Nc3ccc(OCc4c(Cl)cccc4Cl)c(OC)c3)c2cc1OCC,0.5818181818181818,CHEMBL587162,None
CCOc1cc2ncnc(Nc3ccc(OCc4c(F)cccc4F)c(OC)c3)c2cc1OCC,0.5818181818181818,CHEMBL546455,None
COc1cc2c(Nc3ccc(Cl)c(Cl)c3)ncnc2cc1OCCN1C(=O)c2ccccc2C1=O,0.5789473684210527,CHEMBL3909626,None
COc1ccc(/C=C/C(=O)c2ccc(Nc3ncnc4ccccc34)cc2)cc1OC,0.5769230769230769,CHEMBL3809167,None
COc1cc2ncnc(Nc3cccc(N(CCCl)CCCl)c3)c2cc1OC,0.5769230769230769,CHEMBL3039688,None
C=CCOc1ccc2ncnc(Nc3ccc(OCc4ccccc4)cc3)c2c1,0.5769230769230769,CHEMBL540701,None
C#Cc1cccc(Nc2ncnc3cc4c(cc23)N(CCCN2CCCCC2)C(=O)CO4)c1,0.576271186440678,CHEMBL3774396,None
C#CCCCCOc1cc2c(Nc3ccc(F)c(Cl)c3)ncnc2cc1OC,0.5740740740740741,CHEMBL591039,None
COc1ccc(Nc2ncnc3cc(OCCCN4CCOCC4)c(OC)cc23)cc1,0.5740740740740741,CHEMBL353901,None
CCOc1cc2ncnc(Nc3ccc(OCc4ccccc4F)c(Cl)c3)c2cc1OCC,0.5714285714285714,CHEMBL535563,None
CCOc1cc2ncnc(Nc3cc(Cl)c(Cl)c(Cl)c3)c2cc1OCC,0.5714285714285714,CHEMBL580582,None
COc1cc2c(Nc3cccc4c3OCC4)ncnc2cc1OCCCN1CCOCC1,0.5689655172413793,CHEMBL171373,None
COc1cc2ncnc(Nc3ccc(N(CCCl)CCCl)cc3)c2cc1OC,0.5686274509803921,CHEMBL3039689,None
COCCOc1cc2ncnc(Nc3ccc(NC(=O)C45CC6CC(CC(C6)C4)C5)c(OC)c3)c2cc1OCCOC,0.5666666666666667,CHEMBL3763757,None
N#Cc1cccc(Nc2ncnc3ccccc23)c1,0.5652173913043478,CHEMBL3092492,None
COc1ccc(Nc2ncnc3ccccc23)cc1,0.5652173913043478,CHEMBL1616345,None
COc1ccc(Nc2ncnc3sccc23)cc1,0.5652173913043478,CHEMBL1471168,None
Cl.c1cc(Nc2ncnc3cc4c(cc23)OCCO4)cc(-c2ccc[nH]2)c1,0.5636363636363636,CHEMBL3297959,None
CCOc1cc2ncnc(Nc3cccc(-c4csc(OC)n4)c3)c2cc1OCC,0.5636363636363636,CHEMBL127673,None
COc1ccc(Nc2ncnc3ccc(C)cc23)cc1,0.5625,CHEMBL1528507,None
COc1cc2ncnc(Nc3cc(OC)c(OC(C)(C)C)c(OC)c3)c2cc1OC,0.5625,CHEMBL444324,None
CCOc1cc2ncnc(Nc3cccc(-c4csc(Cc5ccccc5)n4)c3)c2cc1OCC,0.5614035087719298,CHEMBL126890,None
CCOC(=O)c1cccc(Nc2ncnc3ccccc23)c1,0.56,CHEMBL1625522,None
COc1cc2c(Nc3ccc(B(O)O)cc3)ncnc2c(OC)c1OC,0.56,CHEMBL4129235,None
COc1cc2ncnc(Nc3ccccc3N(CCCl)CCCl)c2cc1OC.Cl,0.5576923076923077,CHEMBL2417992,None
COc1cc2ncnc(Nc3ccccc3N(CCCl)CCCl)c2cc1OC,0.5576923076923077,CHEMBL3040816,None
CNCCOc1cc2c(Nc3ccc(F)c(Cl)c3)ncnc2cc1OC,0.5555555555555556,CHEMBL293090,None
Cc1cccc(Nc2ncnc3ccccc23)c1,0.5555555555555556,CHEMBL441083,None
CCOc1cc2ncnc(Nc3cccc(-c4cocn4)c3)c2cc1OCC,0.5555555555555556,CHEMBL126996,None
Brc1cccc(Nc2ncnc3ccc(NCc4ccc5c(c4)OCCO5)cc23)c1,0.5535714285714286,CHEMBL2070192,None
COc1cccc(Nc2ncnc3sc(C)cc23)c1,0.5510204081632653,CHEMBL1625561,None
C#Cc1cccc(Nc2ncnc3cc(OC)c(NC(=O)CCCC(=O)NO)cc23)c1,0.55,CHEMBL3939206,None
COc1ccc2c(c1)sc1c(Nc3ccc4c(c3)OCCO4)ncnc12,0.5490196078431373,CHEMBL2313912,None
Cl.Fc1cc(Br)ccc1Nc1ncnc2cc3c(cc12)OCCCO3,0.5490196078431373,CHEMBL601675,None
C#Cc1cccc(Nc2ncnc3cc4c(cc23)N(C(=O)/C=C/CN2CCCC2)CCO4)c1,0.5483870967741935,CHEMBL3114700,None
Fc1ccc(Nc2ncnc3cc(OCCN4CCOCC4)c(OCCN4CCOCC4)cc23)cc1Cl,0.5454545454545454,CHEMBL4172592,None
CCOc1cc2ncnc(Nc3cccc(-c4nc(C)cs4)c3)c2cc1OCC,0.5454545454545454,CHEMBL129592,None
COc1cc2ncnc(Nc3ccc(CS(=O)(=O)/C=C/c4ccc(Br)cc4)cc3)c2cc1OC,0.543859649122807,CHEMBL159601,None
COc1cc2c(Nc3ccc4c(c3)OCO4)ncnc2cc1OCCCN1CCOCC1,0.543859649122807,CHEMBL169725,None
C/C=C/c1ccc(Nc2ncnc3ccc(OCCN4CCOCC4)cc23)cc1,0.543859649122807,CHEMBL4205186,None
COc1ccc(Nc2ncnc3occ(C)c23)cc1,0.5416666666666666,CHEMBL4245874,None
COc1ccc2ncnc(Nc3cc(OC)c(OC)c(OC)c3)c2c1.Cl,0.5416666666666666,CHEMBL542729,None
COCCOc1cc2ncnc(NC3=CC(=O)C(OCC#Cc4ccccc4)=CC3=O)c2cc1OC,0.5409836065573771,CHEMBL3706837,None
COc1cc2c(Nc3ccc(C)c(Br)c3)ncnc2cc1OCC1CN(C)CCO1,0.5409836065573771,CHEMBL3916225,None
COc1cc2ncnc(Nc3ccc(I)cc3Cl)c2cc1OC,0.54,CHEMBL151418,None
c1ccc2c(c1)oc1c(Nc3ccc4c(c3)OCCO4)ncnc12,0.54,CHEMBL1622569,None
COc1cc2ncnc(Nc3cncc4ccccc34)c2cc1OC,0.54,CHEMBL329867,None
COc1cc2c(Nc3cccc(NC(=O)c4ccccc4)c3)ncnc2cc1OCCCN1CCOCC1,0.5396825396825397,CHEMBL588434,None
COc1ccc(NC(=O)Nc2ccc(Nc3ncnc4cc(OC)c(OC)cc34)cc2)cc1,0.5384615384615384,CHEMBL1761934,None
COc1cc2ncnc(Nc3ccc(NC(C)=O)c(C)c3)c2cc1OC,0.5370370370370371,CHEMBL3301701,None
CCN(CC)CCOc1cc2c(Nc3ccc(F)c(Cl)c3)ncnc2cc1OC,0.5357142857142857,CHEMBL293064,None
CCOc1cc2ncnc(Nc3cccc(-c4csc(NC)n4)c3)c2cc1OCC,0.5357142857142857,CHEMBL443033,None
COc1cc2ncnc(Nc3ccc(F)c(Cl)c3)c2cc1OCCNC(C)(C)C,0.5357142857142857,CHEMBL57892,None
COc1cc2c(Nc3ccc(Cl)c(Cl)c3)ncnc2cc1O[C@H]1CO[C@H]2[C@@H]1OC[C@@H]2OC,0.5357142857142857,CHEMBL3964556,None
COc1cc2c(Nc3ccc(Br)c(Cl)c3)ncnc2cc1O[C@H]1CO[C@H]2[C@@H]1OC[C@H]2OC,0.5357142857142857,CHEMBL3929354,None
C=CC(=O)N1CC(Oc2cc3c(Nc4cccc(C#N)c4)ncnc3cc2OC)C1,0.5344827586206896,CHEMBL3896002,None
COc1cc2c(Nc3ccc(Cl)c(Cl)c3)ncnc2cc1OCC1CNCCO1,0.5344827586206896,CHEMBL3924779,None
COc1cc2c(Nc3ccc(NC(=O)Nc4ccc(C)c(C)c4)cc3)ncnc2cc1OCc1ccccc1,0.5344827586206896,CHEMBL3951268,None
Cc1ccc2ncnc(Nc3ccccc3)c2c1,0.5333333333333333,CHEMBL1530661,None
COc1cc2ncnc(Nc3ccc(F)c(Cl)c3)c2cc1OCCCOc1ccc(C(=O)NO)cc1,0.5333333333333333,CHEMBL3982861,None
COc1cc2c(Nc3cccc(Cl)c3)ncnc2cc1OCC1CN(C)CCO1,0.5333333333333333,CHEMBL3322973,None
COc1ccccc1Nc1ncnc2ccccc12,0.5319148936170213,CHEMBL1384010,None
C#Cc1cccc(Nc2ncnc3cc(OCC)c(NC(=O)/C=C/CNC4CC4)cc23)c1,0.53125,CHEMBL3622678,None
COc1ccc(Nc2ncnc3sc(-c4ccccc4)cc23)cc1,0.5306122448979592,CHEMBL1424953,None
COc1cc2c(Nc3cccc(I)c3)ncnc2c(OC)c1OC,0.5294117647058824,CHEMBL4130011,None
COc1cc2nc(C)nc(Nc3ccc(Cc4ccccc4)cc3)c2cc1OC.Cl,0.5294117647058824,CHEMBL533205,None
COc1cc2c(Nc3cccc(Br)c3)ncnc2c(OC)c1OC.Cl,0.5294117647058824,CHEMBL535392,None
COc1cc2ncnc(Nc3cccc(F)c3)c2c(OC)c1OC,0.5294117647058824,CHEMBL2409828,None
COc1cc2ncnc(Nc3ccc(NC(C)=O)c(C)c3)c2cc1OC.Cl,0.5272727272727272,CHEMBL3221263,None
COc1cc2ncnc(Nc3ccc(N(CCCl)CCCl)cc3)c2cc1OC(C)=O.Cl,0.5272727272727272,CHEMBL2417874,None
CNS(=O)(=O)c1ccc(OCC(F)(F)F)c(Nc2ncnc3cc(OC)c(OC)cc23)c1,0.5263157894736842,CHEMBL3814635,None
CCOc1cc2c(Nc3cccc(-c4csc(C)n4)c3)ncnc2cc1OC(C)C,0.5263157894736842,CHEMBL338218,None
COc1cc2ncnc(Nc3ccc(F)c(Cl)c3)c2cc1OCCN1CCCC1,0.5263157894736842,CHEMBL57758,None
Fc1ccc(Nc2ncnc3cc(OCCCN4CCOCC4)c(OCCCN4CCOCC4)cc23)cc1Cl,0.5263157894736842,CHEMBL4165375,None
C/C=C/c1ccc(Nc2ncnc3ccc(OCCCN4CCOCC4)cc23)cc1,0.5254237288135594,CHEMBL4203731,None
CCCOC(=O)Nc1ccc(Nc2ncnc3cc(OC)c(OC)cc23)cc1C.Cl,0.5254237288135594,CHEMBL3221556,None
COc1cc2ncnc(Nc3ccc(F)c(Cl)c3)c2cc1OCCCN1CC2(CSC2)C1,0.5254237288135594,CHEMBL2425094,None
C=CC(=O)N1CCC(Oc2cc3c(Nc4cccc(C#N)c4)ncnc3cc2OC)CC1,0.5254237288135594,CHEMBL3947277,None
C#Cc1cccc(Nc2ncnc3cc4oc(=O)n(CCOC(=O)CBr)c4cc23)c1,0.5245901639344263,CHEMBL3910361,None
COc1cc2c(Nc3ccc(Cl)c(Cl)c3)ncnc2cc1OCc1csc(COC(=O)c2ccccc2)n1,0.5245901639344263,CHEMBL3900567,None
COc1cc2ncnc(Nc3cccc(N(CCCl)CCCl)c3)c2cc1OCCCN1CCOCC1,0.5245901639344263,CHEMBL2417990,None
COc1cc2ncnc(Nc3ccc(Cl)cc3)c2c(OC)c1OC.Cl,0.52,CHEMBL2409835,None
COc1cc2ncnc(Nc3ccc4cn[nH]c4c3)c2cc1OC,0.5185185185185185,CHEMBL3800021,None
COc1cc2ncnc(Nc3cccc4cn[nH]c34)c2cc1OC,0.5185185185185185,CHEMBL3797215,None
CCOc1cc2ncnc(Nc3cccc(-c4csc(NN)n4)c3)c2cc1OCC,0.5172413793103449,CHEMBL125515,None
COc1cc2ncnc(Nc3ccc(F)c(Cl)c3)c2cc1OCCCNCCN,0.5172413793103449,CHEMBL2334003,None
COc1cc2ncnc(Nc3ccc(F)c(Cl)c3)c2cc1OCCN1CCCCC1,0.5172413793103449,CHEMBL56142,None
CCOC(C)Oc1cc2ncnc(Nc3ccc(F)c(C#N)c3)c2c2c1OCCO2,0.5172413793103449,CHEMBL3805654,None
C/C=C/c1ccc(Nc2ncnc3cc(N4CCN(CCOC)CC4)c(F)cc23)cc1,0.5166666666666667,CHEMBL4550134,None
COc1cc2c(Nc3ccc(NC(=O)c4ccccc4)cc3)ncnc2cc1OCC(=O)O,0.5166666666666667,CHEMBL3343038,None
O=C(Nc1ccc2ncnc(Nc3cccc(Br)c3)c2c1)c1cccc2c1OCCO2,0.5166666666666667,CHEMBL2070190,None
COc1cc2c(Nc3ccc(NC(=O)Nc4ccc(Cl)cc4)cc3)ncnc2cc1OCc1ccccc1,0.5166666666666667,CHEMBL3965994,None
C#Cc1cc(Nc2ncnc3cc(O)c(OCCCCCCC(=O)NO)cc23)ccc1O,0.5161290322580645,CHEMBL3973930,None
C#Cc1cccc(Nc2ncnc3ccc(NC(=O)Nc4ccc(CN5CCOCC5)cc4)cc23)c1,0.5161290322580645,CHEMBL3740987,None
C#CCN1CCOC(COc2cc3ncnc(Nc4ccc(Cl)c(Cl)c4)c3cc2OC)C1,0.5161290322580645,CHEMBL3932578,None
C#Cc1cccc(Nc2ncnc3cc(OC)c(NC(=O)/C=C/CN4CCCCC4)cc23)c1,0.515625,CHEMBL3622672,None
Cc1cc2c(Nc3ccccc3)ncnc2s1,0.5111111111111111,CHEMBL1620079,None
Cc1cccc(Nc2ncnc3c2ccc2ccccc23)c1,0.5106382978723404,CHEMBL3040860,None
CNc1ccc2ncnc(Nc3cccc(C)c3)c2c1,0.5102040816326531,CHEMBL208594,None
COc1cc2ncnc(NCc3ccccc3C)c2cc1OC,0.5102040816326531,CHEMBL1518432,None
COc1cc2ncnc(N[C@H](C)c3ccccc3)c2cc1OC,0.5102040816326531,CHEMBL1714813,None
COc1ccc(Nc2ncnc3sc4ccccc4c23)cc1,0.5102040816326531,CHEMBL1165237,None
COc1ccc(Nc2ncnc3ccccc23)c(OC)c1,0.5102040816326531,CHEMBL1622605,None
COc1cc2c(Nc3ccccc3F)ncnc2c(OC)c1OC,0.5098039215686274,CHEMBL228620,None
COc1ccc(Cl)c(Nc2ncnc3cc(OC)c(OC)cc23)c1,0.5098039215686274,CHEMBL216586,None
c1ccc(Nc2ncnc3ccc(-c4ccc5c(c4)OCO5)cc23)cc1,0.5098039215686274,CHEMBL1552270,None
COc1cc(Nc2ncnc3cc(OC)c(OC)cc23)cc([N+](=O)[O-])c1,0.5094339622641509,CHEMBL531117,None
c1ccc(Nc2ncnc3ccc(-c4cccc(N5CCOCC5)c4)cc23)cc1,0.5094339622641509,CHEMBL2347527,None
CCCCOc1ccc2ncnc(Nc3cccc(Br)c3)c2c1,0.509090909090909,CHEMBL63450,None
CCOC(=O)c1c(C)oc2ncnc(Nc3cccc(OC)c3)c12,0.509090909090909,CHEMBL4292203,None
C#Cc1cccc(Nc2ncnc3ccc(-c4ccc(CO)o4)cc23)c1,0.5087719298245614,CHEMBL4089347,None
CCC(=O)Nc1ccc(Nc2ncnc3cc(OC)c(OC)cc23)cc1C.Cl,0.5087719298245614,CHEMBL3221264,None
CCOc1cc2ncnc(Nc3cc(S(=O)(=O)NC)ccc3OCC(F)(F)F)c2cc1OC,0.5084745762711864,CHEMBL3814998,None
COc1cc2c(Nc3ccc(Br)c(Cl)c3)ncnc2cc1O[C@H]1CO[C@H]2[C@@H]1OC[C@@H]2O,0.5084745762711864,CHEMBL3893363,None
CCOc1cc2ncnc(Nc3cccc(-c4nc(C(N)=O)cs4)c3)c2cc1OCC,0.5084745762711864,CHEMBL126668,None
CS(=O)(=O)CCNCCCOc1ccc2ncnc(Nc3ccc(OCc4ccccc4)cc3)c2c1,0.5084745762711864,CHEMBL14952,None
COc1cc2ncnc(Nc3ccc(F)c(Cl)c3)c2cc1OCCN1CC(O)C1,0.5084745762711864,CHEMBL2425090,None
COc1cc2c(Nc3cccc(Cl)c3F)ncnc2cc1OCC1CN(C)CCO1,0.5081967213114754,CHEMBL3953937,None
COc1cc2c(Nc3ccc(NC(=O)c4ccccc4Cl)cc3)ncnc2cc1OCc1ccccc1,0.5081967213114754,CHEMBL3759203,None
C=CC(=O)N1CCC(Oc2cc3c(Nc4cccc(CCl)c4)ncnc3cc2OC)CC1,0.5081967213114754,CHEMBL3916751,None
COc1cc2ncnc(Nc3cccc(Cl)c3)c2cc1OCCCCC(=O)NO,0.5081967213114754,CHEMBL3633760,None
COc1cc2ncnc(Nc3ccc(C(=O)NC45CC6CC(CC(C6)C4)C5)cc3)c2cc1OCCCN1CCOCC1,0.5076923076923077,CHEMBL3763627,None
COc1cc2ncnc(Nc3ccc(F)c(Cl)c3)c2cc1OCCOS(=O)(=O)NC(=O)[C@@H](N)CC(C)C,0.5076923076923077,CHEMBL4239188,None
Cc1cccc(Nc2ncnc3cc4c(cc23)n(C)c(=O)n4C)c1,0.5,CHEMBL3039701,None
Clc1cccc(Nc2ncnc3cc(OCCCN4CCOCC4)c4c(c23)OCCO4)c1,0.5,CHEMBL3805681,None
COc1ccc(Nc2ncnc3ccccc23)c(OC)c1.Cl,0.5,CHEMBL1497047,None
COc1cc2c(Nc3ccc(Cl)c(Cl)c3)ncnc2cc1OCc1cc(F)cc2c1OCOC2,0.5,CHEMBL3952493,None
Cc1cccc(Nc2ncnc3ccc(F)cc23)c1,0.5,CHEMBL1079598,None
CC(C)(C)S(=O)(=O)c1cc2c(Nc3ccc4scnc4c3)ncnc2cc1OCCOP(=O)(O)O,0.5,CHEMBL4596287,None
COc1cc2ncnc(Nc3cccc(Cl)c3)c2cc1OCCCN1CCNCCNCCNCC1,0.5,CHEMBL4545355,None
CN1Cc2cc3c(Nc4cccc(Br)c4)ncnc3cc21,0.5,CHEMBL489112,None
CCCOc1cc2ncnc(Nc3ccc(NC(=O)OCC)c(Cl)c3)c2cc1OC,0.5,CHEMBL3301888,None
COc1cccc(NC(=O)N2CCCc3cc(Nc4ncnc5cc(OC)c(OC)cc45)ccc32)c1,0.5,CHEMBL4539051,None
COc1cc2ncnc(Nc3cccc(Br)c3)c2cc1OCCCN1CCNCCNCC1,0.5,CHEMBL4519183,None
COc1cc2c(Nc3ccc(Cl)c(Cl)c3)ncnc2cc1OCC1CN(S(C)(=O)=O)CCO1,0.5,CHEMBL3892030,None
COc1cc2ncnc(Nc3ccc(Cl)cc3)c2cc1OCCCCC(=O)NO,0.5,CHEMBL3758489,None
COc1ccc(Nc2ncnc3c2sc2ncccc23)cc1OC,0.5,CHEMBL2153524,None
COc1cc2c(Nc3cccc(Br)c3F)ncnc2c(OC)c1OC,0.5,CHEMBL4126606,None
COc1cc2c(Nc3ccc(Cl)c(Cl)c3)ncnc2cc1OCC1CN(CC(N)=O)CCO1,0.5,CHEMBL3916567,None
CN[C@H]1CO[C@H]2[C@@H]1OC[C@@H]2Oc1cc2ncnc(Nc3ccc(Br)c(Cl)c3)c2cc1OC,0.5,CHEMBL3974328,None
C=CC(=O)N1CCC(Oc2cc3c(Nc4ccc(C(C)C)cc4)ncnc3cc2OC)CC1,0.5,CHEMBL3974453,None
COc1cc2c(Nc3ccc(Br)cc3Cl)ncnc2cc1OCC1CNCCO1,0.5,CHEMBL3322990,None
COc1cccc(Nc2ncnc3ccc(Br)cc23)c1,0.5,CHEMBL1081539,None
CCOc1cc2ncnc(Nc3cccc(-c4csc(C(=O)O)n4)c3)c2cc1OCC,0.5,CHEMBL127835,None
C#Cc1cccc(Nc2ncnc3cc4c(cc23)N(C(=O)/C=C/CN2CCCCC2C)CCCO4)c1,0.5,CHEMBL3114694,None
COc1cc2ncnc(Nc3ccccc3F)c2cc1OCCCC(=O)NO,0.5,CHEMBL3760069,None
CCCCC(=O)Nc1ccc(Nc2ncnc3cc(OC)c(OC)cc23)cc1C,0.5,CHEMBL2018747,None
COc1cc2c(Nc3ccc(Cl)c(Cl)c3)ncnc2cc1OCC1CN(C(=O)c2c(F)ccc(F)c2F)CCO1,0.5,CHEMBL3929966,None
COc1cc2ncnc(Nc3ccc(Cl)cc3)c2cc1OCCCCCC(=O)NO,0.5,CHEMBL3759261,None
Oc1ccc2c(Nc3ccc(OCc4ccccc4)cc3)ncnc2c1,0.5,CHEMBL4441481,None
COc1cc2ncnc(Nc3ccc(Cl)cc3)c2cc1OCCCCCCC(=O)NO,0.5,CHEMBL3758839,None
CC(=O)c1cccc(Nc2ncnc3ccc(Br)cc23)c1,0.5,CHEMBL1341983,None
C=CC(=O)N1CCOCCOCCOc2cc3ncnc(Nc4ccc(F)c(Cl)c4)c3cc21,0.5,CHEMBL2441556,None
C#Cc1cccc(Nc2ncnc3cc(O[C@H]4CCOC4)c(NC(=O)/C=C/CN4CCCCC4)cc23)c1,0.4927536231884058,CHEMBL3622671,None
COc1cc2c(Nc3ccc(NC(=O)c4ccc(Cl)cc4)cc3)ncnc2cc1OCCCN1CCOCC1,0.4925373134328358,CHEMBL3759754,None
COCC(=O)NCC#Cc1ccc2ncnc(Nc3ccc(OC4CCNCC4)c(C)c3)c2c1,0.4925373134328358,CHEMBL230467,None
COc1cc2c(Nc3ccc(NC(=O)c4ccc(C)cc4)cc3)ncnc2cc1OCCCN1CCN(C)CC1,0.49230769230769234,CHEMBL3758585,None
COCC(=O)NCC#Cc1ccc2ncnc(Nc3ccc(Oc4ccc(C(=O)N(C)C)cc4)c(C)c3)c2c1,0.49230769230769234,CHEMBL230893,None
COc1cc2c(Nc3cccc(Br)c3)ncnc2cc1OCC1CN(C(=O)OC(C)(C)C)CCO1,0.49230769230769234,CHEMBL3322974,None
COCCOc1cc2ncnc(Nc3ccc(F)c(Cl)c3)c2cc1NC(=O)CCCCC(=O)NO,0.49230769230769234,CHEMBL3946801,None
COc1cc2c(Nc3ccc(-c4nc5ccccc5s4)cc3)ncnc2cc1OCCCN1CCN(C)CC1,0.49206349206349204,CHEMBL595615,None
CCCN1CCOC(COc2cc3ncnc(Nc4ccc(Cl)c(Cl)c4)c3cc2OC)C1,0.49206349206349204,CHEMBL3942082,None
COc1cc(OC)c2c(=O)c(OCCOc3cc4c(Nc5ccc(F)c(Cl)c5)ncnc4cc3OC)c(-c3ccc(OC)c(OC)c3)oc2c1,0.49206349206349204,CHEMBL2042967,None
COc1cc2c(Nc3cccc4[nH]ccc34)ncnc2cc1OCCCN1CCOCC1,0.49206349206349204,CHEMBL171003,None
CCCN1CCCOC(COc2cc3ncnc(Nc4ccc(Cl)c(Cl)c4)c3cc2OC)C1,0.49206349206349204,CHEMBL3914599,None
COc1cccc(Nc2ncnc3cc4c(cc23)N(CCCN2CCOCC2)C(=O)CO4)c1,0.49206349206349204,CHEMBL3774910,None
C#Cc1cccc(Nc2ncnc3ccc(S(=O)(=O)n4ccc(/C=C/C(=O)NO)c4)cc23)c1,0.49206349206349204,CHEMBL3218002,None
COc1cc2ncnc(Nc3ccc(-c4nc5ccccc5s4)cc3)c2cc1OCCCN1CCN(C)CC1,0.49206349206349204,CHEMBL593292,None
COc1cc2c(Nc3ccc(C#N)cc3F)ncnc2cc1OCCn1ccnn1,0.49206349206349204,CHEMBL358672,None
COc1ccc(-c2ccc3ncnc(Nc4cccc(C(=O)N5CCOCC5)c4)c3c2)cc1C(N)=O,0.49206349206349204,CHEMBL4065202,None
COc1cc2ncnc(Nc3ccccc3Cl)c2cc1OCCCCC(=O)NO,0.4918032786885246,CHEMBL3759853,None
COc1cc2ncnc(Nc3ccccc3F)c2cc1OCCCCC(=O)NO,0.4918032786885246,CHEMBL3758922,None
COc1cc2c(Nc3ccc(Cl)c(Cl)c3)ncnc2cc1O[C@@H]1C[C@H]2OC[C@H](OC)[C@H]2O1,0.4918032786885246,CHEMBL3919145,None
C=CC(=O)N1CCC(Oc2cc3c(Nc4cccc(N(C)C)c4)ncnc3cc2OC)CC1,0.4915254237288136,CHEMBL3939726,None
COc1cc2c(Nc3ccc(Cl)cc3F)ncnc2cc1OCCN1CCCC1,0.4915254237288136,CHEMBL147180,None
COc1ccccc1CNc1ccc2ncnc(Nc3cccc(Br)c3)c2c1,0.49122807017543857,CHEMBL1928709,None
COc1cc2ncnc(Nc3ccc(F)c(Cl)c3)c2cc1B1OC(C)(C)C(C)(C)O1,0.49122807017543857,CHEMBL3219503,None
COCCOc1ccc(C(F)(F)F)cc1Nc1nc2ccccc2o1,0.4909090909090909,CHEMBL1321642,None
O=C(Oc1cccc(Nc2ncnc3ccccc23)c1)c1cccnc1,0.4909090909090909,CHEMBL1527070,None
CCOc1ccccc1Nc1ncnc2ccc(Br)cc12,0.49056603773584906,CHEMBL1867348,None
COc1cc(Nc2ncnc3ccc(Cl)cc23)cc(OC)c1OC,0.49019607843137253,CHEMBL1194235,None
COc1cc2nc(C)nc(Nc3ccc(Oc4ccccc4)cc3)c2cc1OC,0.49019607843137253,CHEMBL529643,None
COc1ccc(-c2csc3ncnc(Nc4ccc(OC)c(OC)c4)c23)cc1,0.49019607843137253,CHEMBL1326289,None
COc1cc(Nc2ncnc3ccc(Cl)cc23)cc(OC)c1OC.Cl,0.49019607843137253,CHEMBL545767,None
COc1ccc(CNc2ncnc3cc(OC)c(OC)cc23)cc1OC,0.4897959183673469,CHEMBL1722363,None
COc1ccc(Nc2nc(Nc3ccc(OC)c(OC)c3)c3cc(OC)c(OC)cc3n2)cc1OC,0.4897959183673469,CHEMBL3092501,None
COc1cc2c(Nc3ccc(NC(=O)c4cccc(Cl)c4)cc3)ncnc2cc1OCCN1CCCCC1,0.4852941176470588,CHEMBL3759848,None
CCOC(=O)Nc1ccc(Nc2ncnc3cc(OCCN4CCCCC4)c(OC)cc23)cc1C,0.48484848484848486,CHEMBL3304000,None
COc1cc2c(Nc3ccc(Cl)c(Cl)c3)ncnc2cc1OCC1CN(CCO)CCO1,0.484375,CHEMBL3893176,None
COc1cc2c(Nc3ccc(Br)cc3)ncnc2cc1OCC1CN(C(=O)OC(C)(C)C)CCO1,0.484375,CHEMBL3322976,None
CCOc1cc2ncnc(Nc3ccc(F)c(Cl)c3)c2cc1NC(=O)COC(=O)c1ccccc1,0.484375,CHEMBL4437599,None
COc1cc2c(Nc3ccc(Cl)c(Cl)c3)ncnc2cc1OCCC1CN(C)C(C)(C)CO1,0.484375,CHEMBL3959495,None
CC#CCN1CCOC(COc2cc3ncnc(Nc4ccc(Cl)c(Cl)c4)c3cc2OC)C1,0.484375,CHEMBL3933897,None
CC(C)Oc1cc2c(Nc3ccc(Cl)c(Cl)c3)ncnc2cc1OCC1CN(C)CCO1,0.4838709677419355,CHEMBL3937297,None
COc1cc2c(Nc3ccc(Br)c(F)c3F)ncnc2cc1OCC1CN(C)CCO1,0.4838709677419355,CHEMBL3941947,None
O=C(NCCCCOc1ccc2ncnc(Nc3ccc(OCc4ccccc4)cc3)c2c1)C(F)(F)F,0.4838709677419355,CHEMBL14627,None
COc1cc2ncnc(Nc3ccc4occc4c3)c2cc1OCCCCCCC(=O)NO,0.4838709677419355,CHEMBL3937516,None
COc1cc2c(Nc3ccc(Br)cc3Br)ncnc2cc1OCC1CN(C)CCO1,0.4838709677419355,CHEMBL3913993,None
COc1cc2ncnc(Nc3ccc(F)c(Cl)c3)c2cc1OCCCN1CC2(C1)CS(=O)(=O)C2,0.4838709677419355,CHEMBL2425083,None
COc1ccc(Nc2ncnc3ccc(-c4cccc(N5CCOCC5)c4)cc23)cc1Cl,0.48333333333333334,CHEMBL4171684,None
COc1cc2c(Nc3ccc(Cl)cc3F)ncnc2cc1OCCn1cncn1,0.48333333333333334,CHEMBL150606,None
Fc1ccc(Nc2ncnc3cc(OCCCN4CCOCC4)c4c(c23)OCCO4)cc1Cl,0.48333333333333334,CHEMBL3805218,None
COc1ccc(Nc2ncnc3ccc(NC(=O)Nc4cccc(C#N)c4)cc23)cc1,0.4827586206896552,CHEMBL467855,None
COc1cc2ncnc(Nc3ccc(-c4nc5ccccc5s4)cc3O)c2cc1OC,0.4827586206896552,CHEMBL593293,None
COc1cc2c(Nc3ccc(Cl)c(Cl)c3)ncnc2cc1OCc1cscn1,0.4827586206896552,CHEMBL3968322,None
COCCN1CCN(c2cc3ncnc(Nc4ccc(F)c(Cl)c4)c3cc2F)CC1,0.4827586206896552,CHEMBL4461895,None
Cl.FC(F)(F)c1cc(Nc2ncnc3ccc(Br)cc23)ccc1OCc1ccccc1,0.4827586206896552,CHEMBL547943,None
O=S(=O)(c1ccc(-c2ccc3ncnc(Nc4ccccc4)c3c2)cc1)N1CCOCC1,0.48214285714285715,CHEMBL2347555,None
COc1cc2nc(Cl)nc(Nc3cccc(Oc4ccc(C#N)cc4)c3)c2cc1OC,0.48214285714285715,CHEMBL2148029,None
COc1cc2ncnc(Nc3cc(O)c(Cl)cc3Cl)c2cc1OC,0.48148148148148145,CHEMBL3775190,None
COc1cc2ncnc(Nc3cc(O)ccc3F)c2cc1OC,0.48148148148148145,CHEMBL3774904,None
COc1cc2nc(N3CCN(C)CC3)nc(Nc3ccccc3)c2cc1OC,0.48148148148148145,CHEMBL4281113,None
Brc1ccc2ncnc(Nc3ccc(N4CCOCC4)cc3)c2c1,0.48148148148148145,CHEMBL1459296,None
CC(C)Oc1ccc2ncnc(Nc3cccc(Br)c3)c2c1,0.48148148148148145,CHEMBL303996,None
COc1cccc2ncnc(Nc3cccc(Br)c3)c12,0.4807692307692308,CHEMBL119033,None
COc1cc2nc(C)nc(Nc3ccc(Oc4ccccc4)cc3)c2cc1OC.Cl,0.4807692307692308,CHEMBL531961,None
COc1cc(Nc2ncnc3c2sc2ncccc23)cc(OC)c1OC,0.4807692307692308,CHEMBL2153526,None
CC(C)(C)C(=O)Oc1cccc(Nc2ncnc3ccccc23)c1,0.4807692307692308,CHEMBL1384176,None
COc1cc2ncnc(NCc3ccccc3Cl)c2cc1OC,0.4807692307692308,CHEMBL1561261,None
COc1ccc(OC)c(Nc2ncnc3ccccc23)c1.Cl,0.48,CHEMBL1487549,None
COc1ccccc1Nc1ncnc2sc3ccccc3c12,0.48,CHEMBL1165736,None
CCc1ccccc1Nc1ncnc2ccccc12,0.4791666666666667,CHEMBL1619751,None
COc1cc2ncnc(Nc3ccc(C(=O)Nc4cc(F)ccc4N)cc3)c2cc1OCCCN1CCOCC1,0.4782608695652174,CHEMBL3700343,None
COCC(=O)NCC#Cc1ccc2ncnc(Nc3ccc(Oc4cccc(C(=O)NCC(C)(C)C)c4)c(C)c3)c2c1,0.4782608695652174,CHEMBL389741,None
Cc1cccc(C)c1Nc1ncnc2ccccc12,0.4782608695652174,CHEMBL1906778,None
CCOC(=O)c1cc2cc(Nc3ncnc4cc(OCCCN5CCN(c6ccccc6)CC5)c(OC)cc34)ccc2s1,0.47761194029850745,CHEMBL1163247,None
COc1cc2c(Nc3ccc(Cl)c(Cl)c3)ncnc2cc1OCC1CN(C(=O)c2ccoc2)CCO1,0.47761194029850745,CHEMBL3969472,None
Cl.c1ccc(Nc2ncnc3ccccc23)cc1,0.4772727272727273,CHEMBL1698739,None
c1cc(Nc2ncnc3ccccc23)cc(Nc2ncnc3ccccc23)c1,0.4772727272727273,CHEMBL2260256,None
COc1cc2c(Nc3ccc(Cl)c(Cl)c3)ncnc2cc1OCC1CN(CC2CC2)CCCO1,0.47692307692307695,CHEMBL3966752,None
COc1cc2ncnc(Nc3ccc(Cl)c(C(F)(F)F)c3)c2cc1OCCCN1CCNCCNCCNCC1,0.47692307692307695,CHEMBL4447003,None
CC(C)[C@H](N)C(=O)OCCOc1cc2ncnc(Nc3ccc4scnc4c3)c2cc1S(=O)(=O)C(C)(C)C,0.47692307692307695,CHEMBL4469284,None
COc1cc(C(N)=O)cc(-c2ccc3ncnc(Nc4cccc(C(=O)N5CCOCC5)c4)c3c2)c1,0.47692307692307695,CHEMBL4067897,None
COc1cc2c(Nc3ccc(-c4nc5ccccc5s4)c(OC)c3)ncnc2cc1OCCCN1CCN(C)CC1,0.47692307692307695,CHEMBL593860,None
CCCCCCCN1CCOC(COc2cc3ncnc(Nc4ccc(Cl)c(Cl)c4)c3cc2OC)C1,0.47692307692307695,CHEMBL3976896,None
COc1cc2ncnc(Nc3ccc(F)c(Cl)c3)c2cc1OCCNC(=O)[C@@H](O)CC(C)C,0.47692307692307695,CHEMBL4243412,None
COc1cc2c(Nc3ccc(Cl)c(Cl)c3)ncnc2cc1OCC1CN(CCOCCO)CCO1,0.47692307692307695,CHEMBL3918670,None
CCCCCCCCN1CCOC(COc2cc3ncnc(Nc4ccc(Cl)c(Cl)c4)c3cc2OC)C1,0.47692307692307695,CHEMBL3979317,None
COc1cc2ncnc(Nc3cccc(C(F)(F)F)c3)c2cc1NC(=O)[C@@H]1COC(=O)N1,0.47692307692307695,CHEMBL3818907,None
COc1cc2c(Nc3c(F)ccc(O)c3C)ncnc2cc1OCCN1CCOCC1,0.47619047619047616,CHEMBL3797688,None
C#Cc1cccc(Nc2ncnc3ccc(NC(=O)c4ccc(C(=O)Nc5ccccc5N)nc4)cc23)c1,0.47619047619047616,CHEMBL3217998,None
COc1cc2ncnc(Nc3ccc4c(c3)CCCN4C(=O)Nc3ccc(C(C)=O)cc3)c2cc1OC,0.47619047619047616,CHEMBL4548316,None
CNC(=O)CN(C)CCOc1cc2c(Nc3cccc(Cl)c3F)ncnc2cc1OC,0.47619047619047616,CHEMBL2408212,None
COc1ccc(-c2ccc3ncnc(Nc4cccc(C(=O)N5CCOCC5)c4)c3c2)cn1,0.47619047619047616,CHEMBL4103062,None
CCOc1cc2ncnc(Nc3ccc(F)c(Cl)c3)c2cc1OC(=O)CSc1ncccn1,0.47540983606557374,CHEMBL4558356,None
COc1ccc2nc(Nc3cccc(CNc4ncnc5c(C(N)=O)cccc45)c3)sc2c1,0.47540983606557374,CHEMBL3639794,None
COc1cc2ncnc(Nc3cccc(Cl)c3F)c2cc1C(=O)N1CCOCC1,0.47540983606557374,CHEMBL3623280,None
COc1cc2c(Nc3ccc(Cl)cc3F)ncnc2cc1OCC1CCN(C)CC1.Cl,0.47540983606557374,CHEMBL2448065,None
COc1cc2c(Nc3ccc(Cl)c(Cl)c3)ncnc2cc1OCc1noc(-c2ccccc2)n1,0.47540983606557374,CHEMBL3946018,None
COc1cc2c(Nc3ccc(Cl)cc3F)ncnc2cc1OCCCN1CCN(C)CC1.Cl,0.47540983606557374,CHEMBL1744347,None
Brc1cccc(Nc2ncnc3ccc(NCc4ccc5c(c4)OCO5)cc23)c1,0.4745762711864407,CHEMBL2070197,None
OB(O)c1ccc(COc2ccc3ncnc(Nc4cccc(Cl)c4)c3c2)cc1,0.4745762711864407,CHEMBL3347498,None
COc1cc2ncnc(Nc3cccc(Br)c3)c2cc1[N+](=O)[O-],0.47368421052631576,CHEMBL65038,None
CCOC(=O)c1c(C)oc2ncnc(Nc3cccc(C(F)(F)F)c3)c12,0.47368421052631576,CHEMBL1479105,None
C#Cc1cccc(Nc2nc3cc(C(N)=O)ccc3c3cncnc23)c1,0.47368421052631576,CHEMBL1682284,None
CCOC(=O)Nc1ccc(Nc2ncnc3ccccc23)cc1C,0.47368421052631576,CHEMBL3628793,None
CCOc1cc(NCc2cccc(Nc3nc4ccccc4s3)c2)ccc1OC,0.47368421052631576,CHEMBL1082039,None
COc1ccc(-c2ccc3ncnc(Nc4cccc(O)c4)c3c2)cc1,0.4727272727272727,CHEMBL3661243,None
COc1cc2c(Nc3ccc(Cl)cc3F)ncnc2c(OC)c1OC,0.4716981132075472,CHEMBL4126565,None
COc1cc2nc(C)nc(Nc3cccc(Br)c3)c2cc1OC,0.4716981132075472,CHEMBL294769,None
CCOc1cc2ncnc(NCc3ccc(F)cc3)c2cc1OCC,0.4716981132075472,CHEMBL390283,None
COc1cc2ncnc(Nc3ccc(OCc4cccc(F)c4)c(Cl)c3)c2cc1OCCCN1CCNCCNCC1,0.4714285714285714,CHEMBL4439338,None
OCc1ccc(-c2cc3c(Nc4ccccc4)ncnc3s2)cc1,0.47058823529411764,CHEMBL3759257,None
COc1cc2ncnc(Nc3c(F)cc(F)cc3Br)c2c(OC)c1OC,0.47058823529411764,CHEMBL2409837,None
COc1cc2nc(Nc3ccc(C)cc3)nc(N)c2cc1OC,0.47058823529411764,CHEMBL2397824,None
COc1cc2ncnc(Nc3cccc(NC(=O)C45CC6CC(CC(C6)C4)C5)c3)c2cc1OCCCN1CCOCC1,0.47058823529411764,CHEMBL3765789,None
c1nc(Nc2ccc(C34CC5CC(CC(C5)C3)C4)cc2)c2ccsc2n1,0.47058823529411764,CHEMBL4525953,None
O=[N+]([O-])c1ccccc1-n1cc(-c2cccc(Nc3ncnc4cc5c(cc34)OCCO5)c2)nn1,0.4696969696969697,CHEMBL4583159,None
C=CCCCN1CCOC(COc2cc3ncnc(Nc4ccc(Cl)c(Cl)c4)c3cc2OC)C1,0.4696969696969697,CHEMBL3944857,None
O=[N+]([O-])c1ccc(-n2cc(-c3cccc(Nc4ncnc5cc6c(cc45)OCCO6)c3)nn2)cc1,0.4696969696969697,CHEMBL4562863,None
COc1cc2ncnc(Nc3ccc(NC(=O)N4CCN(c5ccccc5)C4=O)cc3F)c2cc1OC,0.4696969696969697,CHEMBL573765,None
CCC#CCN1CCOC(COc2cc3ncnc(Nc4ccc(Cl)c(Cl)c4)c3cc2OC)C1,0.4696969696969697,CHEMBL3919493,None
COC(=O)CCN1CCOC(COc2cc3ncnc(Nc4ccc(Cl)c(Cl)c4)c3cc2OC)C1,0.4696969696969697,CHEMBL3978177,None
CCOC(=O)c1cc2cc(Nc3ncnc4cc(OC)c(OCCCN5CCN(C)CC5)cc34)ccc2s1,0.4696969696969697,CHEMBL1163731,None
C=C(Cl)C(=O)Nc1cc2c(Nc3ccc(F)c(Cl)c3)ncnc2cc1OCCOCC,0.46875,CHEMBL4589070,None
COc1cc2ncnc(Nc3ccc4c(c3)CCN4C(=O)Cc3ccn(C)n3)c2cc1OC,0.46875,CHEMBL3355044,None
COc1cc2c(Nc3ccc(F)c(Cl)c3F)ncnc2cc1OCC1CN(C)C(C)(C)CO1,0.46875,CHEMBL3895129,None
COc1cc2ncnc(Nc3cccc(NC(=O)Nc4cc(C(C)(C)C)on4)c3)c2cc1OC.Cl,0.46875,CHEMBL1824298,None
COc1cc2c(Nc3ccc(Br)cc3F)ncnc2cc1OC/C=C/CN1CCCC1.Cl,0.46774193548387094,CHEMBL1202478,None
COc1cc2c(Nc3ccc(Cl)cc3F)ncnc2cc1OCCn1ccnn1,0.46774193548387094,CHEMBL357815,None
COc1cc2c(Nc3cc(Cl)ccc3F)ncnc2cc1OCC1CN(C)CCO1,0.46774193548387094,CHEMBL3949155,None
COc1cc2c(Nc3cc(F)c(Br)cc3F)ncnc2cc1OCC1CN(C)CCO1,0.46774193548387094,CHEMBL3952465,None
COc1cc2c(Nc3ccc(Cl)c(Cl)c3)ncnc2cc1OCc1nc(-c2ccccn2)cs1,0.46774193548387094,CHEMBL3976826,None
COCCOc1cc2ncnc(NC3=CC(=O)C(OC)=C(Cl)C3=O)c2cc1OC,0.4666666666666667,CHEMBL2113172,None
Fc1ccc(Nc2ncnc3ccc(C#CCN4CCOCC4)cc23)cc1Cl,0.4666666666666667,CHEMBL251498,None
COc1ccc(S(=O)(=O)N2CCc3c(sc4ncnc(Nc5cccc(C)c5)c34)C2)cc1,0.4666666666666667,CHEMBL4581903,None
CCOc1cc2nc(CCl)nc(Nc3cccc(Br)c3)c2cc1OCC,0.4642857142857143,CHEMBL67906,None
Fc1ccc(COc2ccc(Nc3ncnc4ccc(I)cc34)cc2Cl)cc1,0.4642857142857143,CHEMBL587423,None
COc1cc2c(Nc3ccc(Cl)c(Cl)c3)ncnc2cc1OCC1CN(C(=O)c2c(C)noc2C)CCO1,0.463768115942029,CHEMBL3947700,None
CCOCCOc1cc2ncnc(Nc3ccc(OCCOC)c(Cl)c3)c2cc1NC(=O)/C=C/CN(C)C,0.463768115942029,CHEMBL4456300,None
COc1cc2ncnc(Nc3nc4c(Cl)cccc4s3)c2cc1OC,0.46296296296296297,CHEMBL1738994,None
COc1ccc(Nc2ncnc3ccc([N+](=O)[O-])cc23)cc1,0.46296296296296297,CHEMBL3759269,None
COc1ccc2c(c1)oc1c(Nc3ccc4c(c3)OCO4)ncnc12,0.46296296296296297,CHEMBL2313885,None
COc1cc2c(Nc3ccc(NC(=O)Nc4ccccc4)c(Cl)c3)ncnc2cc1OCCN1CCCCC1,0.4626865671641791,CHEMBL3948354,None
COC(=O)CCC(=O)N1CCN(CCCOc2cc3c(Nc4ccc(F)c(Cl)c4)ncnc3cc2OC)CC1,0.4626865671641791,CHEMBL3337921,None
COc1cc2ncnc(NCc3ccc(F)cc3)c2cc1OC.Cl,0.46153846153846156,CHEMBL1203938,None
COc1cc2ncnc(NCc3ccc4c(c3)OCO4)c2cc1OC,0.46153846153846156,CHEMBL66913,None
COc1cc2ncnc(Nc3ccc(F)c(Cl)c3)c2cc1OCCCCCC(C(=O)NO)C(C)C,0.46153846153846156,CHEMBL3949397,None
COc1ccc2c(c1)sc1c(Nc3cc(OC)c(OC)c(OC)c3)ncnc12,0.46153846153846156,CHEMBL2313910,None
COc1cc2c(Nc3ccc(Br)c(Cl)c3F)ncnc2cc1OC[C@@H]1CN2CCOC[C@H]2CO1,0.46153846153846156,CHEMBL3928396,None
Cc1cccc(Nc2ncnc3cc4c(cc23)OCO4)n1,0.46153846153846156,CHEMBL2419756,None
COc1cc2c(Nc3ccc(Br)c(Cl)c3F)ncnc2cc1OC[C@H]1CN2CCOC[C@H]2CO1,0.46153846153846156,CHEMBL3914441,None
COc1cc2ncnc(NCc3ccc4c(c3)OCO4)c2cc1SC,0.46153846153846156,CHEMBL66855,None
COc1cc2ncnc(NCc3ccc(F)cc3)c2cc1OC,0.46153846153846156,CHEMBL374810,None
COc1ccc(/C=C/C(=O)Nc2cc3c(Nc4ccc(F)c(Cl)c4)ncnc3cc2OC)cc1,0.4603174603174603,CHEMBL3763559,None
C=CC(=O)N1CCC(Oc2cc3c(Nc4ccc(Br)c(C)c4)ncnc3cc2OC)CC1,0.4603174603174603,CHEMBL3910915,None
COc1cc(Nc2ncnc3cc(OCC4CN(C)CCO4)c(OC)cc23)c(OC)cc1Cl,0.4603174603174603,CHEMBL3944702,None
Cc1cc(C)c2c(n1)sc1c(Nc3ccccc3)ncnc12,0.46,CHEMBL459059,None
CCOC(=O)Nc1cc(Cl)c(Nc2ncnc3cc(OC)c(OC)cc23)cc1Cl,0.45901639344262296,CHEMBL3302952,None
COc1cc2c(Nc3ccc(Cl)c(Cl)c3)ncnc2cc1OCc1nc(N(C)C)no1,0.45901639344262296,CHEMBL3960730,None
CC(C)Oc1cc2ncnc(Nc3ccc(Cl)c([N+](=O)[O-])c3)c2c2c1OCCO2,0.45901639344262296,CHEMBL3805177,None
COc1cc2ncnc(Nc3ccc(OCc4cccc(F)c4)c(Cl)c3)c2cc1OCCN1C[C@H](O)[C@@H](O)[C@H](O)[C@H]1CO,0.4583333333333333,CHEMBL4086459,None
COc1cccc(Nc2ncnc3sc4c(c23)CCN(Cc2ccccc2)C4)c1,0.4576271186440678,CHEMBL4538136,None
c1ccc(COc2ccc(Nc3ncnc4ccc(-c5ccco5)cc34)cc2)cc1,0.4576271186440678,CHEMBL215993,GW284372X
Nc1cccc(Nc2ncnc3ccccc23)c1,0.45652173913043476,CHEMBL1622857,None
CNS(=O)(=O)c1ccc(N(C)C)c(Nc2ncnc3ccc(N)cc23)c1,0.45614035087719296,CHEMBL3814121,None
COc1cc2ncnc(Nc3cccc(Br)c3)c2cc1OCCCn1c([N+](=O)[O-])cnc1C,0.45588235294117646,CHEMBL3355890,None
COc1cc2ncnc(Nc3ccc(-c4nc5ccccc5s4)c(F)c3)c2cc1OCCCN1CCN(C)CC1,0.45588235294117646,CHEMBL593760,None
COC(=O)CCCCCC(=O)N1CCN(CCCOc2cc3c(Nc4ccc(F)c(Cl)c4)ncnc3cc2OC)CC1,0.45588235294117646,CHEMBL3337924,None
COC(=O)CCCCN1CCOC(COc2cc3ncnc(Nc4ccc(Cl)c(Cl)c4)c3cc2OC)C1,0.45588235294117646,CHEMBL3979195,None
COc1cc(Nc2ncnc3ccc(-c4ccc(S(=O)(=O)N5CCOCC5)cc4)cc23)ccc1OCc1cccc(F)c1,0.45588235294117646,CHEMBL2347532,None
COc1cc2nc(Nc3ccc(N4CCOCC4)cc3)nc(N)c2cc1OC,0.45454545454545453,CHEMBL531302,None
CCc1cc(Br)ccc1Nc1ncnc2cc(OC)c(OCCCN3CCNCCNCCNCC3)cc12,0.45454545454545453,CHEMBL4462514,None
Fc1cccc(COc2ccc(Nc3ncnc4sc(-c5cccc(N6CCOCC6)c5)cc34)cc2Cl)c1,0.45454545454545453,CHEMBL3734915,None
Cc1ccccc1-c1ccc2ncnc(Nc3ccc(CC#N)cc3)c2c1,0.45454545454545453,CHEMBL3966044,None
COc1cc2c(Nc3ccc(F)c(Cl)c3)ncnc2cc1OCCCn1ccnc1[N+](=O)[O-],0.45454545454545453,CHEMBL3360602,None
OCc1cc2c(Nc3ccc(OC(F)(F)F)cc3)ncnc2s1,0.45454545454545453,CHEMBL1257310,None
COc1cc2ncnc(Nc3ccc(F)c(Cl)c3)c2cc1OCCCN1C[C@H](O)[C@@H](O)[C@H](O)[C@H]1CO,0.45454545454545453,CHEMBL4079553,None
O=C1COc2cc3ncnc(Nc4cccc(F)c4)c3cc2N1CCCN1CCOCC1,0.45454545454545453,CHEMBL3775285,None
COc1cc2c(Nc3ccc(Br)c(Cl)c3F)ncnc2cc1OC[C@@H]1CN2CCC[C@H]2CO1,0.45454545454545453,CHEMBL3962487,None
COc1cc2ncnc(Nc3ccc(Cl)cc3Cl)c2cc1OCCCN1CCNCCNCC1,0.453125,CHEMBL4549221,None
COc1cc2c(Nc3c(F)ccc(O)c3C)ncnc2cc1OCCCN1CCCC1,0.453125,CHEMBL3800542,None
COc1cc2c(Nc3cc(Cl)c(Cl)cc3F)ncnc2cc1OCC1CN(C)C(C)(C)CO1,0.453125,CHEMBL3921482,None
C=CC(=O)N1CCC(Oc2cc3c(Nc4cccc(Cl)c4C)ncnc3cc2OC)CC1,0.453125,CHEMBL3899604,None
CNS(=O)(=O)c1ccc(N(C)C)c(Nc2ncnc3cc(OCCCN4CCOCC4)ccc23)c1,0.453125,CHEMBL3814923,None
NP(=O)(OCCCOc1ccc2ncnc(Nc3cccc(Br)c3)c2c1)N(CCCl)CCCl,0.453125,CHEMBL4069003,None
COc1ccccc1/C=C/C(=O)Nc1ccc2ncnc(Nc3cccc(Br)c3)c2c1,0.453125,CHEMBL1812555,None
FC(F)(F)Cc1cc2c(Nc3ccc(Cc4ccccc4)cc3)ncnc2s1,0.4528301886792453,CHEMBL4586186,None
Cc1ccnc(Nc2ncnc3cc4c(cc23)OCO4)c1,0.4528301886792453,CHEMBL2419754,None
COc1cc2c(Nc3ccc(F)c(F)c3)ncnc2cc1OCCOCCOCCNC(=O)Cn1cnc([N+](=O)[O-])n1,0.4520547945205479,CHEMBL4468893,None
COc1cc2c(Nc3ccc(F)c(F)c3)ncnc2cc1OCCOCCNC(=O)Cn1cnc([N+](=O)[O-])n1,0.4520547945205479,CHEMBL4576032,None
CCC(=O)Nc1cc2c(Nc3ccc(Cc4ccncc4)cc3)ncnc2cc1OC,0.45161290322580644,CHEMBL3942999,None
COc1cccc(Nc2ncnc3ccc(NC(=O)Nc4ccc(C)c(Cl)c4)cc23)c1,0.45161290322580644,CHEMBL462066,None
O=C(Nc1ccc2ncnc(Nc3cccc(Cl)c3)c2c1)C1COc2ccccc2O1,0.45161290322580644,CHEMBL2070196,None
C=CC(=O)N1CCC(Oc2cc3c(Nc4ccc(Br)c(F)c4)ncnc3cc2OC)CC1,0.45161290322580644,CHEMBL3902395,None
COC(=O)c1ccc(COc2ccc(Nc3ncnc4ccccc34)c(CN(C)C)c2)cc1,0.45161290322580644,CHEMBL231615,None
COc1ccc2ncnc(Nc3ccc(OC4CCN(C(=O)CC(C)(C)C)CC4)c(C)c3)c2c1,0.45161290322580644,CHEMBL230995,None
Cc1cc2c(Nc3cccc(O)c3)ncnc2s1,0.45098039215686275,CHEMBL1623743,None
c1nc(NCc2ccc3c(c2)OCO3)c2cc3c(cc2n1)OCO3,0.45098039215686275,CHEMBL63416,None
Cc1ccc(F)c(Nc2ncnc3sccc23)c1,0.45098039215686275,CHEMBL4558615,None
Oc1ccc2ncnc(Nc3ccc(OCc4cccc(F)c4)cc3)c2c1,0.45,CHEMBL4514248,None
COc1cc2nc(Nc3ccc(C#N)cc3)nc(Nc3c(C)cc(/C=C/C#N)cc3C)c2cc1OC,0.45,CHEMBL4450406,None
COc1ccc(CNc2cc3c(Nc4cccc(Br)c4)ncnc3cn2)cc1,0.45,CHEMBL53299,None
COc1cc2nc(Nc3ccc4c(cnn4Cc4ccccc4)c3)nc(Nc3ccc4c(cnn4Cc4ccccc4)c3)c2cc1OC,0.45,CHEMBL581564,None
COc1cc(OC2CCOC2)c2c(Nc3ccc(F)c(Cl)c3)ncnc2c1,0.45,CHEMBL204268,None
Fc1cccc(COc2ccc(Nc3ncnc4sc(-c5ccccc5)cc34)cc2Cl)c1,0.45,CHEMBL3735709,None
COc1ccc(Nc2ncnc3ccc(NC(=S)Nc4cccc(Cl)c4)cc23)cc1OC,0.45,CHEMBL570503,None
COc1cccc(/C=C/C(=O)c2cccc(Nc3nc(-c4ccc(OC)c(OC)c4)nc4ccccc34)c2)c1,0.45,CHEMBL3810065,None
CCOC(=O)Nc1ccc(Nc2ncnc3cc(OCCN4CCCCC4)c(OC)cc23)cc1Cl,0.4492753623188406,CHEMBL3304217,None
C=CCNc1ncnc2cc(OC)c(OC)cc12,0.4489795918367347,CHEMBL1725304,None
CNc1ccc(Nc2ncnc3occ(C)c23)cc1,0.4489795918367347,CHEMBL4247926,None
COc1cc2nc(Nc3cccc(S(N)(=O)=O)c3)nc(NCc3ccccc3)c2cc1OC,0.4482758620689655,CHEMBL4544782,None
COCCOc1cc2ncc(C#N)c(Nc3ccc(Cl)cc3Cl)c2cc1OCCOC,0.4482758620689655,CHEMBL123733,None
Clc1ccc2ncnc(Nc3ccc([C@H]4CNCCO4)cc3)c2c1,0.4482758620689655,CHEMBL3701949,None
COc1ccc(-c2nc(Nc3cccc(S(=O)(=O)F)c3)c3ccccc3n2)cc1OC,0.4482758620689655,CHEMBL4161988,None
Cc1ccc(-n2ncc3c(Nc4ccc5c(c4)OCCO5)ncnc32)cc1C,0.4482758620689655,CHEMBL1476037,None
COc1cc(-c2ccc3ncnc(Nc4cccc(O)c4C)c3c2)ccc1O,0.4482758620689655,CHEMBL3661234,None
CCCCc1nc(Cl)c(C=O)n1CCCOc1cc2c(Nc3ccc(OC)cc3)ncnc2cc1OC,0.44776119402985076,CHEMBL562058,None
COc1ccc(-c2nc(Nc3cccc(C#N)c3)c3ccccc3n2)cc1,0.44642857142857145,CHEMBL4167968,None
Cc1cccc(CNc2ncnc3ccc(-c4ccc5c(c4)OCCO5)cc23)c1,0.44642857142857145,CHEMBL566283,None
N#Cc1cccc(NC(=S)Nc2ccc3ncnc(Nc4ccccc4)c3c2)c1,0.44642857142857145,CHEMBL577263,None
COc1cccc(Nc2ncnc3scc(-c4ccc(Cl)cc4)c23)c1,0.44642857142857145,CHEMBL3401770,None
CC1(C)OB(c2ccc3ncnc(Nc4ccc(F)c(Cl)c4)c3c2)OC1(C)C,0.44642857142857145,CHEMBL3219505,None
COc1ccc(-c2csc3ncnc(Nc4cccc(F)c4)c23)cc1,0.44642857142857145,CHEMBL1326143,None
COC(=N)c1nc2ccc3ncnc(Nc4ccc(C#N)cc4)c3c2s1,0.44642857142857145,CHEMBL2386766,None
CCOc1cc2ncnc(Nc3ccc(F)c(Cl)c3)c2cc1OC(=O)CSc1ncc[nH]1,0.4461538461538462,CHEMBL4526992,None
CC(C)(C)S(=O)(=O)c1cc2c(Nc3ccc4scnc4c3)ncnc2cc1OCCOS(=O)(=O)O,0.4461538461538462,CHEMBL4595801,None
COc1cc2c(Nc3ccc(Br)c(Cl)c3F)ncnc2cc1OC[C@@H]1CN(C)CC(=O)N1C,0.4461538461538462,CHEMBL3891130,None
COc1cccc(/C=C/C(=O)Nc2ccc3ncnc(Nc4cccc(Br)c4)c3c2)c1,0.4461538461538462,CHEMBL1812556,None
COc1cc2c(Nc3c(F)ccc(O)c3C)ncnc2cc1OCCN1CCCCC1,0.4461538461538462,CHEMBL3799867,None
NP(=O)(OCCCCOc1ccc2ncnc(Nc3cccc(Br)c3)c2c1)N(CCCl)CCCl,0.4461538461538462,CHEMBL4090083,None
COCCOc1cc2ncnc(NC3=C(Sc4ccccn4)C(=O)C=C(OC)C3=O)c2cc1OC,0.4461538461538462,CHEMBL3706828,None
C=CC(=O)N1CCC(Oc2cc3c(Nc4cccc([N+](=O)[O-])c4)ncnc3cc2OC)CC1,0.4461538461538462,CHEMBL3906806,None
COc1cc2ncnc(Nc3ccc(OCc4cccc(F)c4)c(Cl)c3)c2cc1OCCCN1C[C@H](O)[C@@H](O)[C@H](O)[C@H]1CO,0.44594594594594594,CHEMBL4065005,None
C=CC(=O)N1CC[C@@H](Oc2cc3c(Nc4ccc(F)c(Cl)c4)ncnc3cc2OC)C1,0.4444444444444444,CHEMBL3943577,None
COc1cc2ncnc(NCCN3CCOCC3)c2cc1OC,0.4444444444444444,CHEMBL1739092,None
COCCOc1cc2ncnc(NC3=CC(=O)C(OC(CF)CF)=C(OC)C3=O)c2cc1OC,0.4444444444444444,CHEMBL2113192,None
COc1ccc(-c2nc(COc3cc4ncnc(Nc5ccc(Cl)c(Cl)c5)c4cc3OC)no2)cc1,0.4444444444444444,CHEMBL3985840,None
COCCOc1cc2ncnc(Sc3nncs3)c2cc1OCCOC,0.4444444444444444,CHEMBL2046727,None
CCOC(=O)c1ccc(NC(=O)Nc2cccc3c(Nc4cc(OC)cc(OC)c4)ncnc23)cc1,0.4444444444444444,CHEMBL3900062,None
FC(F)(F)c1cccc(Nc2ncnc3sc4c(c23)CCCC4)c1,0.4444444444444444,CHEMBL4483599,None
COc1cc2ncnc(Nc3cc(Cl)ccc3Cl)c2cc1OCCCCCC(=O)NO,0.4444444444444444,CHEMBL3633773,None
COc1ccc(/C=C/C(=O)Nc2cc3c(Nc4ccc(Cl)c(Cl)c4)ncnc3s2)cc1,0.4444444444444444,CHEMBL4463991,None
COCCOc1cc2ncnc(Nc3c(Cl)ccc4c3OCO4)c2cc1NC(=O)[C@@H]1CCCN1,0.44285714285714284,CHEMBL523122,None
COc1cc(-c2ccc3ncnc(Nc4ccccc4C(N)=O)c3c2)ccc1O,0.4426229508196721,CHEMBL3661219,None
COc1ccc(Nc2ncnc3ccc4nc(C(=N)NCc5ccccc5)sc4c23)cc1,0.4426229508196721,CHEMBL3945621,None
COc1cc2ncnc(Nc3cccc(Cl)c3F)c2cc1CN1CCCC1,0.4426229508196721,CHEMBL437885,None
CNS(=O)(=O)c1ccc(OCC(F)(F)F)c(Nc2ncnc3cc(OC)cc(OC)c23)c1,0.4426229508196721,CHEMBL3813948,None
Cc1ccc(O)c(Nc2ncnc3ccccc23)c1.Cl,0.4423076923076923,CHEMBL1346038,None
CN1CCN(CCCOc2ccc3c(Nc4ccc(NC(=O)NCc5ccccc5)cc4)ncnc3c2)CC1,0.4411764705882353,CHEMBL3343309,None
COc1cc2c(Nc3ccc(-c4nc5cc(Cl)ccc5s4)cc3)ncnc2cc1OCCCN1CCN(C)CC1,0.4411764705882353,CHEMBL596292,None
COc1cc2c(Nc3ccc(Cl)c(Cl)c3)ncnc2cc1OCc1nc(CN2CCOCC2)no1,0.4411764705882353,CHEMBL3944984,None
C=CC(=O)Nc1cc2c(Nc3ccc(F)c(Cl)c3)ncnc2cc1OCCOCCCCO,0.4411764705882353,CHEMBL32079,None
COc1cc2ncnc(Nc3ccc(F)c(Cl)c3)c2cc1OCCCCCn1ccnc1[N+](=O)[O-],0.4411764705882353,CHEMBL3355876,None
CNc1ccc2c(Nc3cc(S(=O)(=O)NC)ccc3N(C)C)ncnc2c1,0.4406779661016949,CHEMBL3813872,None
COc1ccc(/C=C/C(=O)c2ccc(Nc3nc(-c4ccc(OC)c(OC)c4)nc4ccccc34)cc2)cc1OC,0.4406779661016949,CHEMBL3809529,None
CN(C)c1cc2c(Nc3ccc4c(c3)ncn4Cc3ccccc3)ncnc2cn1,0.4406779661016949,CHEMBL1256953,None
COc1ccccc1-c1nc2ccc(Nc3ncnc4ccccc34)cc2[nH]1,0.4406779661016949,CHEMBL3321896,None
Cc1cc2c(Nc3ccc(O)cc3)ncnc2s1,0.44,CHEMBL1617780,None
COc1cc2c(Nc3ccc(OCc4cccc(F)c4)c(Cl)c3)ncnc2cc1OCCCCn1ccnc1[N+](=O)[O-],0.44,CHEMBL3360613,None
Nc1cnc(C#Cc2cc3c(Nc4ccc(OCc5cccc(F)c5)c(Cl)c4)ncnc3s2)cn1,0.4393939393939394,CHEMBL3416636,None
COc1cc2c(Nc3ccc(Br)cc3F)ncnc2cc1OC[C@@H]1CCCN(CCF)C1,0.4393939393939394,CHEMBL2058042,None
COc1cc2ncnc(Nc3ccc(F)c(Cl)c3)c2cc1NC(=O)N/N=C/c1cccc(Cl)c1Cl,0.4393939393939394,CHEMBL4080313,None
Fc1ccc(Nc2ncnc3ccc(C#Cc4cccs4)cc23)cc1Cl,0.43859649122807015,CHEMBL398963,None
CN(C)/N=N/c1ccc2ncnc(Nc3cccc(Br)c3)c2c1,0.43859649122807015,CHEMBL134312,None
COCCOc1cc2ncnc(NC3=CC(=O)C(OC(CF)CF)=C(Cl)C3=O)c2cc1OC,0.4375,CHEMBL2113171,None
Clc1ccc2c(Nc3ccccc3)ncnc2c1,0.4375,CHEMBL554117,None
CCCCc1cnc(Nc2ncnc3cc(OCCCN4CCOCC4)c(OC)cc23)s1,0.4375,CHEMBL201655,None
COc1cc2cc(C#Cc3ccccc3)cnc2cc1OC,0.4375,CHEMBL67059,None
COc1ccc(/C=C/C(=O)Nc2cc3c(Nc4ccc(F)c(Cl)c4)ncnc3cc2O[C@H]2CCOC2)cc1,0.43661971830985913,CHEMBL3763360,None
COc1ccc2c(c1)sc1c(Nc3ccc(Cl)c(Cl)c3)ncnc12,0.43636363636363634,CHEMBL2313918,None
COc1ccccc1CCNc1ncnc2ccc(N)cc12,0.43636363636363634,CHEMBL566589,None
COc1ccc2c(c1)oc1c(Nc3ccc(Br)cc3)ncnc12,0.43636363636363634,CHEMBL2313888,None
CCc1ccc(Nc2ncnc3ccc([N+](=O)[O-])cc23)cc1,0.43636363636363634,CHEMBL3759644,None
Clc1ccccc1CNc1ccc2ncnc(Nc3cccc(Br)c3)c2c1,0.43636363636363634,CHEMBL1928713,None
COc1c(Br)cccc1Nc1ncnc2ccncc12,0.43636363636363634,CHEMBL441333,None
CN(C)c1cc2ncnc(Nc3cccc(Br)c3)c2cn1,0.43636363636363634,CHEMBL53428,None
COc1ccc(-c2csc3ncnc(Nc4ccc(O)cc4)c23)cc1,0.43636363636363634,CHEMBL1460281,None
COc1ccc(Nc2ncnc3ccc4nc(C(N)=O)sc4c23)cc1,0.43636363636363634,CHEMBL3957886,None
C=C=CCCCCOc1cc2c(Nc3ccc(F)c(Cl)c3)ncnc2cc1O,0.43548387096774194,CHEMBL591040,None
Nc1cc(Br)ccc1NC(=O)COc1ccc2ncnc(Nc3ccc(F)c(Cl)c3)c2c1,0.43548387096774194,CHEMBL3922068,None
CCC(=O)Nc1cc2c(Nc3ccc(Oc4ccc5c(c4)OCO5)cc3)ncnc2cc1OC,0.43548387096774194,CHEMBL3916644,None
O=C(CCCCCOc1ccc2ncnc(Nc3ccc(F)c(Cl)c3)c2c1)NO,0.43548387096774194,CHEMBL3928963,None
COc1cc2ncnc(NCCc3ccccc3)c2cc1OCCCCCCC(=O)NO,0.43548387096774194,CHEMBL3917951,None
COc1cccc(Nc2ncnc3sc4c(c23)CCN(C(=O)OC(C)(C)C)C4)c1,0.43548387096774194,CHEMBL4580707,None
CS(=O)(=O)CCNCCCCOc1ccc2ncnc(Nc3ccc(OCc4cccc(F)c4)c(Cl)c3)c2c1,0.43478260869565216,CHEMBL514436,None
CCOCCOc1cc2ncnc(Nc3ccc(F)c(Cl)c3)c2cc1NC(=O)/C=C/CN(CC)CC,0.43478260869565216,CHEMBL4591886,None
CCCCc1nc(Cl)c(CO)n1CCCOc1cc2c(Nc3ccc(OC)cc3)ncnc2cc1OC,0.43478260869565216,CHEMBL557644,None
O=C(CCCCCCOc1ccc2ncnc(Nc3ccc(OCc4cccc(F)c4)c(Cl)c3)c2c1)NO,0.43478260869565216,CHEMBL3935462,None
COc1cc2ncnc(Nc3ccc(-c4nc5ccccc5s4)cc3O)c2cc1OCCCN1CCN(C)CC1,0.43478260869565216,CHEMBL593294,None
COc1cc2ncnc(Nc3ccc(OCc4cccc(F)c4)c(Cl)c3)c2cc1OCCCCCCn1ccnc1[N+](=O)[O-],0.4342105263157895,CHEMBL3355886,None
COc1cc2ncnc(Nc3ccc(OCc4cccc(F)c4)c(Cl)c3)c2cc1OCCCCCn1ccnc1[N+](=O)[O-],0.4342105263157895,CHEMBL3355885,None
CN(C)c1ccccc1Nc1ncnc2cc(N)ncc12,0.4339622641509434,CHEMBL123523,None
COc1cc(-c2ccc3ncnc(Nc4cccc(F)c4)c3c2)ccc1O,0.43333333333333335,CHEMBL3661233,None
COc1cccc(Nc2ncnc3ccc(NC(=S)Nc4ccc(Cl)cc4)cc23)c1,0.43333333333333335,CHEMBL576640,None
COc1ccc(Nc2ncnc3ccc(NC(=O)Nc4cc(Cl)cc(Cl)c4)cc23)cc1OC,0.43333333333333335,CHEMBL466799,None
S=C(NCc1ccccc1)Nc1ccc2ncnc(Nc3ccc(Oc4ccccc4)cc3)c2c1,0.43333333333333335,CHEMBL4098758,None
C=CC(=O)Nc1ccc2ncnc(Nc3cccc(C(F)(F)F)c3)c2c1,0.43333333333333335,CHEMBL53690,None
CCN(CC)c1ccc(-c2csc(COc3cc4ncnc(Nc5ccc(Cl)c(Cl)c5)c4cc3OC)n2)cc1,0.43283582089552236,CHEMBL3922630,None
CCN1CCC[C@H]1c1nc(COc2cc3ncnc(Nc4ccc(Cl)c(Cl)c4)c3cc2OC)cs1,0.43283582089552236,CHEMBL3910064,None
COc1cc2ncnc(Nc3ccc(F)c(Cl)c3)c2cc1NC(=O)N/N=C/c1cccc(Br)c1,0.43283582089552236,CHEMBL4095897,None
COc1ccc(Nc2nc(Nc3ccc(OC)cc3)c3ccccc3n2)cc1,0.43137254901960786,CHEMBL1197601,None
Cl.c1ccc2c(Nc3ccc(OCCOCCOc4ccc(Nc5c6ccccc6nc6ccccc56)cc4)cc3)c3ccccc3nc2c1,0.43137254901960786,CHEMBL532499,None
COc1ccc(CNc2ncnc3ccccc23)cc1,0.43137254901960786,CHEMBL116919,None
COc1ccc(CNc2ncnc3sccc23)cc1,0.43137254901960786,CHEMBL1324027,None
CNS(=O)(=O)c1ccc(N(C)C)c(Nc2ncnc3cc(OC)cc(OC)c23)c1,0.43103448275862066,CHEMBL3814834,None
CCOc1ccc(Nc2ncnc3c2cnn3Cc2ccccc2)cc1,0.43103448275862066,CHEMBL1538010,None
CCOC(=O)c1c(C)oc2ncnc(Nc3cccc(Br)c3)c12,0.43103448275862066,CHEMBL4277050,None
COc1ccc(-n2ncc3c(Nc4cccc(C)c4)ncnc32)cc1,0.43103448275862066,CHEMBL1472101,None
O=S(=O)(/C=C/c1ccc(Cl)cc1)Cc1ccc(Nc2ncnc3ccc(Br)cc23)cc1,0.43103448275862066,CHEMBL161634,None
CC(C)(C)OCc1ccc(-c2ccc3ncnc(Nc4ccc(OCc5cccc(F)c5)c(Cl)c4)c3c2)cc1,0.4307692307692308,CHEMBL3735010,None
COc1cc2nc(N3CCC4CCC(C3)N4Cc3ccccc3)nc(Nc3ccc(S(C)(=O)=O)cc3)c2cc1OC,0.4307692307692308,CHEMBL2336755,None
Cc1ccccc1-c1cn([C@@H]2OC[C@@H](O)[C@H]2O)c2ncnc(Nc3ccc4c(c3)OCCO4)c12,0.4307692307692308,CHEMBL370218,None
c1cc(Nc2ncnc3cc(OCCN4CCCC4)cc(OC4CCOCC4)c23)c2c(c1)OCO2,0.4307692307692308,CHEMBL385958,None
CN1CCOC(COc2cc3ncnc(Nc4ccc(Cl)c(Cl)c4)c3cc2O)C1,0.4307692307692308,CHEMBL3955824,None
CCOC(=O)CN(C)CC#Cc1ccc2ncnc(Nc3ccc(OCc4cccc(F)c4)c(Cl)c3)c2c1,0.4305555555555556,CHEMBL4279771,None
COc1cc(/C=C/C(=O)Nc2cc3c(Nc4ccc(F)c(Cl)c4)ncnc3cc2O[C@@H]2CCOC2)cc(OC)c1OC,0.4305555555555556,CHEMBL4466350,None
CCCCCCCCCCCCOC(=O)CCC(=O)N1CCN(CCCOc2cc3c(Nc4ccc(F)c(Cl)c4)ncnc3cc2OC)CC1,0.4305555555555556,CHEMBL3337817,None
COc1cc(/C=C/C(=O)Nc2cc3c(Nc4ccc(F)c(Cl)c4)ncnc3cc2O[C@H]2CCOC2)cc(OC)c1OC,0.4305555555555556,CHEMBL3764117,None
CCCCCCCCCCCCCCCCOC(=O)CCC(=O)N1CCN(CCCOc2cc3c(Nc4ccc(F)c(Cl)c4)ncnc3cc2OC)CC1,0.4305555555555556,CHEMBL3337915,None
C=Cc1ccc(-c2ccc3ncnc(Nc4ccc(CC#N)cc4)c3c2)cc1,0.42857142857142855,CHEMBL3942049,None
CC(=O)c1ccc(-c2ccc3ncnc(Nc4ccc(CC#N)cc4)c3c2)cc1,0.42857142857142855,CHEMBL3890572,None
NC(=O)c1cccc2c(Nc3ccc(NC(=O)c4ccccc4)cc3)ncnc12,0.42857142857142855,CHEMBL3675332,None
COc1cc2nc(Nc3ccc(C)c(Cl)c3)nc(N)c2cc1OC,0.42857142857142855,CHEMBL1623406,None
Fc1ccc(Nc2ncnc3ccccc23)cc1Cl,0.42857142857142855,CHEMBL1688539,None
Clc1ccc2ncnc(Nc3cccc(Br)c3)c2c1,0.42857142857142855,CHEMBL1075626,None
COc1cc2c(Nc3ccc(NC(=O)Nc4ccc(Cl)cc4)c(Cl)c3)ncnc2cc1OCCCN1CCN(C)CC1,0.42857142857142855,CHEMBL3962233,None
COc1cccc(Nc2ncnc3ccc(NC(=O)Nc4ccc(N(CCCl)CCCl)cc4)cc23)c1,0.42857142857142855,CHEMBL1795967,None
Cc1cccc(Nc2ncnc3oc(C)c(C(=O)NCCN4CCOCC4)c23)c1,0.42857142857142855,CHEMBL4285283,None
COc1ccc2nc(Nc3ccccc3)sc2c1,0.42857142857142855,CHEMBL1416387,None
COc1ccc2oc(Nc3ccccc3)nc2c1,0.42857142857142855,CHEMBL1269705,None
Fc1cccc(Nc2ncnc3ccc(Br)cc23)c1,0.42857142857142855,CHEMBL1079375,None
Cl.Oc1ccc(Nc2ncnc3ccccc23)cc1,0.42857142857142855,CHEMBL1461566,None
Fc1ccc2ncnc(Nc3cccc(Cl)c3)c2c1,0.42857142857142855,CHEMBL1081540,None
Clc1cccc(Nc2ncnc3sccc23)c1,0.42857142857142855,CHEMBL3608703,None
COc1cc2c(Nc3nc4ccc(C(=O)Nc5c(C)cccc5C)cc4s3)ncnc2cc1OCCCN1CCOCC1,0.42857142857142855,CHEMBL2377279,None
COc1cc2c(Nc3ccc(F)cc3Cl)ncnc2cc1OCCOCCNC(=O)Cn1cnc([N+](=O)[O-])n1,0.4266666666666667,CHEMBL4515673,None
Fc1cccc(COc2ccc(Nc3ncnc4sc(C#CCN5CCCC5)cc34)cc2Cl)c1,0.4264705882352941,CHEMBL4292440,None
c1ccc(COc2ccc(Nc3ncnc4ccc(-c5ccc(CN6CCSCC6)o5)cc34)cc2)cc1,0.4264705882352941,CHEMBL588324,None
COc1cc(Nc2ncnc3ccc(-c4ccc(CN5CC6C(CO)C6C5)cc4)cc23)ccc1Oc1ccccc1,0.4264705882352941,CHEMBL1999749,None
COc1cc2ncnc(Nc3cccc(Cl)c3)c2cc1OC.Cn1nnc2c(C(O)O)ncn2c1=O,0.4264705882352941,CHEMBL152739,None
O=C(c1ccc(-c2ccc3ncnc(Nc4ccc(OCc5cccc(F)c5)c(Cl)c4)c3c2)cc1)N1CCOCC1,0.4264705882352941,CHEMBL2347518,None
CN1CCN(CC#Cc2ccc3ncnc(Nc4ccc(OCc5cccc(F)c5)c(Cl)c4)c3c2)CC1,0.4264705882352941,CHEMBL4280205,None
FC(F)(F)c1cccc(Nc2ncnc3ccc(NC(=S)Nc4ccc(Br)cc4)cc23)c1,0.4262295081967213,CHEMBL570270,None
CCOc1cc2nc(Cl)nc(Nc3cccc(-c4csc(C)n4)c3)c2cc1OCC,0.4262295081967213,CHEMBL341075,None
Cc1cccc(Nc2ncnc3sc4c(c23)CCN(C(=O)OC(C)(C)C)C4)c1,0.4262295081967213,CHEMBL4568118,None
C=CC(=O)Nc1cc2c(Nc3ccc(F)c(Cl)c3)ncnc2cc1OC,0.4262295081967213,CHEMBL3883534,None
CCOc1cc2nc(C(C)C)nc(Nc3cccc(-c4csc(C)n4)c3)c2cc1OCC,0.4262295081967213,CHEMBL125526,None
O=C(Nc1ccc(Cl)cc1)Nc1ccc2ncnc(Nc3cccc(C(F)(F)F)c3)c2c1,0.4262295081967213,CHEMBL466407,None
COc1cccc(Nc2ncnc3ccc(NC(=S)Nc4cccc(F)c4)cc23)c1,0.4262295081967213,CHEMBL585381,None
COc1ccc(OC)c(Nc2ncnc3ccc(Br)cc23)c1,0.42592592592592593,CHEMBL1444189,None
COc1ccc(-c2nc(Nc3ccc(OC)c(OC)c3)c3ccccc3n2)cc1,0.42592592592592593,CHEMBL4159635,None
Cc1cc2c(Nc3ccc(C(=O)O)cc3)ncnc2s1,0.42592592592592593,CHEMBL1907124,None
Cc1noc(C)c1-c1ccc2ncnc(Nc3ccccc3)c2c1,0.42592592592592593,CHEMBL1473809,None
Cc1cccc(Nc2ncnc3cnc(N(C)C)nc23)c1,0.42592592592592593,CHEMBL52829,None
CNS(=O)(=O)c1cccc(Nc2cc(Nc3cccc(OC)c3)ncn2)c1,0.42592592592592593,CHEMBL4084088,None
COc1cc2c(N)ncnc2c(OC)c1OC,0.425531914893617,CHEMBL124393,None
COc1cc2c(Nc3ccc(Cl)c(Cl)c3F)ncnc2cc1OC[C@@H]1C[C@@H]2CN(C)C[C@@H]2C1.Cc1ccc(S(=O)(=O)O)cc1,0.4246575342465753,CHEMBL3544982,TESEVATINIB TOSYLATE
CCOc1cc2ncnc(Nc3ccc4c(ccn4S(=O)(=O)c4ccccc4)c3)c2cc1NC(=O)/C=C/CN(C)C,0.4246575342465753,CHEMBL3899132,None
COc1ccc(/C=C/C(=O)Nc2cc3c(Nc4ccc(F)c(Cl)c4)ncnc3cc2O[C@H]2CCOC2)c(OC)c1,0.4246575342465753,CHEMBL3763587,None
CCO[C@H]1CN[C@H](C#Cc2cc3c(Nc4ccc(OCc5cccc(F)c5)c(Cl)c4)ncnc3s2)C1,0.4246575342465753,CHEMBL549174,None
COc1ccc(/C=N/NC(=O)Nc2cc3c(Nc4ccc(F)c(Cl)c4)ncnc3cc2OC)cc1,0.42424242424242425,CHEMBL4104540,None
C=CC(=O)N1CCC(Oc2cc3c(Nc4ccc(Cl)c(O)c4)ncnc3cc2OC)CC1,0.42424242424242425,CHEMBL3938932,None
CN1CCN(C(=S)SCCCOc2ccc3ncnc(Nc4ccc(F)c(Cl)c4)c3c2)CC1,0.42424242424242425,CHEMBL1778035,None
COc1cc2ncnc(Nc3cccc(Cl)c3F)c2cc1OC(=O)N1C[C@@H]2C[C@H]1CN2C,0.42424242424242425,CHEMBL3623286,None
C=CC(=O)N1CCC(Oc2cc3c(Nc4ccc(O)c(F)c4)ncnc3cc2OC)CC1,0.42424242424242425,CHEMBL3977316,None
CC(=O)/C=C/C(=O)Cc1ccc2ncnc(Nc3cccc(Br)c3)c2c1,0.423728813559322,CHEMBL455174,None
COc1ccc(Nc2ncnc3ccc(NC(=S)Nc4ccc(Cl)cc4)cc23)cc1,0.423728813559322,CHEMBL571800,None
COc1cc2nc(Nc3ccc(O)c(C[N+](C)(C)C)c3)nc(Nc3ccc(O)c(C[N+](C)(C)C)c3)c2cc1OC,0.423728813559322,CHEMBL1185163,None
C=C(C)C(=O)Cc1ccc2ncnc(Nc3cccc(Br)c3)c2c1,0.423728813559322,CHEMBL524132,None
COc1cc(-c2ccc3ncnc(Nc4cc(O)ccc4C)c3c2)ccc1O,0.423728813559322,CHEMBL3661316,None
CCOC(=O)c1cccc(Nc2nc(-c3ccncc3)nc3ccccc23)c1,0.423728813559322,CHEMBL3770941,None
COc1ccc(Nc2ncnc3ccc(NC(=O)Nc4ccc(Cl)cc4)cc23)cc1,0.423728813559322,CHEMBL513356,None
COc1cc(-c2ccc3ncnc(Nc4ccc(F)cc4)c3c2)ccc1O,0.423728813559322,CHEMBL3661205,None
COCCCNc1ncnc2ccc(C)cc12,0.4230769230769231,CHEMBL1439992,None
COc1ccc(Nc2nc(C)nc3scc(C)c23)cc1,0.4230769230769231,CHEMBL453786,None
COc1cc2ncnc(Nc3ccc(F)c(Cl)c3)c2cc1OCCCN1CCN(C(=O)CCC(=O)O)CC1,0.4225352112676056,CHEMBL3337927,None
COCCOc1cccc(C(=O)Nc2cccc(CNc3ncnc4c(C(N)=O)cccc34)c2)c1,0.421875,CHEMBL3685202,None
CCC(=O)Nc1cc2c(Nc3ccc(OCc4ccncc4)cc3)ncnc2cc1OC,0.421875,CHEMBL3964581,None
COC(=N)c1nc2ccc3ncnc(Nc4ccc(N(C)C)cc4)c3c2s1,0.42105263157894735,CHEMBL2386768,None
COc1ccc(Nc2ncnc3c2cnn3Cc2ccccc2)cc1,0.42105263157894735,CHEMBL1369688,None
COc1ccc(Nc2ncnc3sc(C(=O)O)cc23)c(OC)c1,0.42105263157894735,CHEMBL4593782,None
CN(CC#Cc1cc2c(Nc3ccc(OCc4cccc(F)c4)c(Cl)c3)ncnc2s1)Cc1ccccc1,0.42028985507246375,CHEMBL4290139,None
COc1cc2ncnc(Nc3cccc(Cl)c3F)c2cc1CN1CCOCC1C(N)=O,0.42028985507246375,CHEMBL207674,None
COc1cc2c(Nc3ccc(Cl)c(Cl)c3)ncnc2cc1OCc1nc(CS(=O)(=O)c2ccccn2)no1,0.42028985507246375,CHEMBL3903022,None
O=S(=O)(c1ccc(-c2ccc3ncnc(Nc4ccc(OCc5cccc(F)c5)c(Cl)c4)c3c2)cc1)N1CCOCC1,0.42028985507246375,CHEMBL2347705,None
O=C(Nc1cccc(Nc2ncnc3cc(OCCCN4CCOCC4)ccc23)c1)Nc1ccc(F)c(Cl)c1,0.42028985507246375,CHEMBL3133755,None
Fc1cccc(COc2ccc(Nc3ncnc4ccc(C#C[C@H]5CCCN5)cc34)cc2Cl)c1,0.42028985507246375,CHEMBL586209,None
Fc1cccc(COc2ccc(Nc3ncnc4sc(C#CC5CCCN5)cc34)cc2Cl)c1,0.42028985507246375,CHEMBL3416635,None
COc1cc2ncnc(N3CCOCC3)c2cc1OC,0.42,CHEMBL4465137,None
CCOc1cc2nc(CN)nc(Nc3cccc(-c4csc(C)n4)c3)c2cc1OCC,0.41935483870967744,CHEMBL127354,None
Cc1ccc(-n2ncc3c(Nc4ccc5c(c4)OCCO5)ncnc32)cc1Cl,0.41935483870967744,CHEMBL1414516,None
O=C(Nc1cc(Cl)cc(Cl)c1)Nc1ccc2ncnc(Nc3cccc(C(F)(F)F)c3)c2c1,0.41935483870967744,CHEMBL461419,None
CCOc1cc2ncnc(Nc3ccc(OCc4cccc(F)c4)c(Cl)c3)c2cc1NC(=O)[C@@H]1COC(=O)N1,0.4189189189189189,CHEMBL3818115,None
CSCCNCc1ccc(-c2ccc3ncnc(Nc4ccc(OCc5cccc(F)c5)c(Cl)c4)c3c2)o1,0.4189189189189189,CHEMBL3040455,None
COc1ccc(CCNc2ncnc3ccc(N)cc23)cc1,0.41818181818181815,CHEMBL568992,None
COCCNc1ncnc2ccc(-c3ccccc3OC)cc12,0.41818181818181815,CHEMBL1456015,None
COc1cc2ncc(C#N)c(Nc3cccc(C(C)C)c3)c2cc1OC,0.41818181818181815,CHEMBL109625,None
COc1cc2ncc(C#N)c(Nc3cccc(C(C)=O)c3)c2cc1OC,0.41818181818181815,CHEMBL325760,None
CN(C)C(=O)c1ccc(Nc2ncnc3sc4c(c23)CCCCC4)cc1,0.41818181818181815,CHEMBL1486056,None
N#Cc1cccc(Nc2nc(-c3ccncc3)nc3ccccc23)c1,0.41818181818181815,CHEMBL4059784,None
CNC(=O)CCN1CCC(Oc2cc3c(Nc4cccc(Cl)c4F)ncnc3cc2OC)CC1,0.417910447761194,CHEMBL2408054,None
CNC(=O)CN1CCC(Oc2cc3c(Nc4cccc(Cl)c4F)ncnc3cc2OC)C1,0.417910447761194,CHEMBL2408210,None
COc1cc2ncnc(Nc3cccc(Cl)c3F)c2cc1OC(=O)N1CCN(C)C2CC21,0.417910447761194,CHEMBL3623287,None
COC(=O)/C=C/C(=O)N1CCC(Oc2cc3c(Nc4ccc(F)c(Cl)c4F)ncnc3cc2OC)CC1,0.417910447761194,CHEMBL3917422,None
CCN1CCC(c2nc(COc3cc4ncnc(Nc5ccc(Cl)c(Cl)c5)c4cc3OC)cs2)CC1,0.417910447761194,CHEMBL3904481,None
COc1cc2c(Nc3ccc(Cl)c(Cl)c3)ncnc2cc1OCc1noc(C2CCCN2)n1,0.417910447761194,CHEMBL3909596,None
c1cc(-c2ccc3ncnc(Nc4ccnnc4)c3c2)cc(N2CCOCC2)c1,0.4166666666666667,CHEMBL4163364,None
COC(=N)c1nc2ccc3ncnc(Nc4ccc(OC)c(O)c4)c3c2s1,0.4166666666666667,CHEMBL3905538,None
Clc1csc2ncnc(Nc3ccccc3)c12,0.4166666666666667,CHEMBL1986139,None
c1ccc(Nc2ncnc3c2sc2nccnc23)cc1,0.4166666666666667,CHEMBL2153542,None
COc1cc2c(Nc3ccc(Cl)cc3F)ncnc2cc1OCCNC(=O)CCCCC1SCC2NC(=O)NC21,0.4166666666666667,CHEMBL200085,None
Fc1cccc(COc2ccc(Nc3ncnc4ccc(-c5nccc(N6CCOCC6)n5)cc34)cc2Cl)c1,0.4166666666666667,CHEMBL4171096,None
O=C(/C=C/c1ccc(F)cc1Cl)Nc1cc2c(Nc3ccc(F)c(Cl)c3)ncnc2cc1O[C@H]1CCOC1,0.4166666666666667,CHEMBL3763457,None
N#Cc1ccc(/C=C/C(=O)Nc2cc3c(Nc4ccc(F)c(Cl)c4)ncnc3cc2O[C@H]2CCOC2)cc1,0.4166666666666667,CHEMBL3765810,None
COc1cc2ncc(Nc3ccccc3)nc2cc1OC,0.4166666666666667,CHEMBL105364,None
CS(=O)(=O)c1cccc(-c2cc3c(Nc4ccc(OCc5cccc(F)c5)c(Cl)c4)ncnc3s2)c1,0.4153846153846154,CHEMBL3735138,None
COc1cc2ncnc(Nc3ccc(F)c(Cl)c3F)c2cc1OC1CN(C(=O)/C=C\Cl)C1,0.4153846153846154,CHEMBL3950232,None
C=CC(=O)N1CC[C@H](Oc2cc3c(Nc4ccc(F)c(Cl)c4F)ncnc3cc2OC)C1,0.4153846153846154,CHEMBL3965391,None
COc1ccc2oc(Nc3ccc(C(C)C)cc3)nc2c1,0.41509433962264153,CHEMBL1269907,None
N#Cc1cccc(Nc2nc(-c3ccccc3)nc3ccccc23)c1,0.41509433962264153,CHEMBL2158558,None
O=C(O)c1cccc(Nc2ncnc3ccccc23)c1,0.41509433962264153,CHEMBL1449701,None
O=C(O)c1cccc(Nc2ncnc3sccc23)c1,0.41509433962264153,CHEMBL1466973,None
COc1cc2nc(N(C)CCOc3c(OC)cccc3OC)nc(N)c2cc1OC,0.41509433962264153,CHEMBL1193909,None
Fc1cccc(COc2ccc(Nc3ncnc4sc(-c5ccc(CN6CCOCC6)cc5)cc34)cc2Cl)c1,0.4142857142857143,CHEMBL3736212,None
O=C(/C=C/CN1CCOCC1)N1CCCOc2cc3ncnc(Nc4ccc(F)c(Cl)c4)c3cc21,0.4142857142857143,CHEMBL4569513,None
COc1cc2c(Nc3c(F)ccc(O)c3C)ncnc2cc1OCCCN1CCCNCC1,0.4142857142857143,CHEMBL3799971,None
COc1cc2c(Nc3nc4ccc(C(=O)Nc5c(C)cccc5C)cc4s3)ncnc2cc1OCCCN1CCCCC1,0.4142857142857143,CHEMBL2377282,None
Fc1cccc(COc2ccc(Nc3ncnc4sc(C#CCN5CCNCC5)cc34)cc2Cl)c1,0.4142857142857143,CHEMBL4285290,None
CCOC(=O)c1sc2nc(C)nc(Nc3ccc(OC)c(OC)c3)c2c1C,0.41379310344827586,CHEMBL1535209,None
COCCOc1cc2ncnc(N3CCC(C(=O)O)CC3)c2cc1OCCOC,0.41379310344827586,CHEMBL1734127,None
COc1ccc(Nc2ncnc3c2C(c2ccc(OC)cc2)c2c(ccc4ccccc24)O3)cc1,0.41379310344827586,CHEMBL4105587,None
C=CCOc1ccc(CCNc2ncnc3ccc(N)cc23)cc1,0.41379310344827586,CHEMBL566185,None
CCOc1cc2ncnc(Nc3ccc4c(ccn4S(=O)(=O)c4ccccc4)c3)c2cc1NC(=O)/C=C/CN1CCCC1,0.41333333333333333,CHEMBL3890751,None
O=C(/C=C/c1cccc(C(F)(F)F)c1)Nc1cccc(Nc2ncnc3sccc23)c1,0.4126984126984127,CHEMBL4467395,None
CCNC(=O)Nc1cc(Cl)c(Nc2ncnc3cc(OC)c(OC)cc23)cc1Cl,0.4126984126984127,CHEMBL3302608,None
Cc1cccc(Nc2ncnc3ccc(N(C)C(=O)N(CCCl)N=O)cc23)c1,0.4126984126984127,CHEMBL209818,None
CCCc1nc(Nc2cccc(-c3csc(C)n3)c2)c2cc(OCC)c(OCC)cc2n1,0.4126984126984127,CHEMBL125527,None
N#CCc1ccc(Nc2ncnc3ccc(-c4ccc(OCc5ccc(F)cc5)cc4)cc23)cc1,0.4126984126984127,CHEMBL3971633,None
Fc1ccc(Nc2ncnc3sc(-c4ccccc4)cc23)cc1,0.4117647058823529,CHEMBL3401762,None
Nc1ccc2ncnc(Nc3cccc(Br)c3)c2c1,0.4117647058823529,CHEMBL52765,None
COc1cc2c(Nc3ccc(Cl)c(Cl)c3)ncnc2cc1OCc1noc(C2CCCNC2)n1,0.4117647058823529,CHEMBL3985163,None
COc1cc2c(Nc3ccc(Cl)c(Cl)c3)ncnc2cc1OCc1nc([C@@H]2CCCN2)no1,0.4117647058823529,CHEMBL3952023,None
O=C(Nc1ccc(Nc2ncnc3cc(OCCCN4CCOCC4)ccc23)cc1)NC1CCCCC1,0.4117647058823529,CHEMBL3706678,None
COc1cc2c(NCc3cccc(Cl)c3)ncnc2c(OC)c1OC,0.4107142857142857,CHEMBL126177,None
COc1cccc(Nc2ncnc3[nH]c(C)c(C)c23)c1,0.4107142857142857,CHEMBL73301,None
CCOC(=O)c1nc(Nc2ccccc2OC)c2ccccc2n1,0.4107142857142857,CHEMBL1710865,None
CCOc1cc2nnnc(Nc3ccc(Cl)cc3)c2cc1OC,0.4107142857142857,CHEMBL4238575,None
N#Cc1sc2ncnc(Nc3cccc(Cl)c3)c2c1-c1ccc(Cl)cc1,0.4107142857142857,CHEMBL2386264,None
COc1cc2ncc(C(N)=O)c(Nc3cccc(C)c3)c2cc1OC,0.4107142857142857,CHEMBL480417,None
COc1cc2c(Nc3ccc(NC(=O)[C@H](c4ccccc4)N4Cc5ccccc5C4=O)cc3F)ncnc2cc1OCC1CCN(C)CC1,0.41025641025641024,CHEMBL4465497,None
COc1cc2c(Nc3ccc(NC(=O)C(c4ccccc4)N4Cc5ccccc5C4=O)cc3F)ncnc2cc1OCC1CCN(C)CC1,0.41025641025641024,CHEMBL4516635,None
Fc1ccc(Nc2ncnc3ccc(C#CCN4CCCCC4)cc23)cc1Cl,0.4098360655737705,CHEMBL251700,None
CC(C)(C)c1ccc(Nc2ncnc3ccc(NC(=S)NCc4ccccc4)cc23)cc1,0.4098360655737705,CHEMBL4101828,None
CC(C)c1ccc(Nc2ncnc3ccc(NC(=S)NCc4ccccc4)cc23)cc1,0.4098360655737705,CHEMBL4061372,None
COc1cc(Nc2ncnc3c(NC(=O)Nc4cc(C)cc(C)c4)cccc23)cc(OC)c1,0.4098360655737705,CHEMBL3938885,None
COc1cc(-c2ccc3ncnc(Nc4ccc(Cl)c(O)c4)c3c2)ccc1O,0.4098360655737705,CHEMBL3665858,None
C#Cc1cccc(Nc2ncnc3[nH]c(Cc4ccc(Cl)cc4Cl)cc23)c1,0.4098360655737705,CHEMBL1098440,None
COc1cc2c(Nc3c(F)ccc(O)c3C)ncnc2cc1OCc1nccn1C,0.4090909090909091,CHEMBL3797991,None
COCC(C)Oc1cc(F)ccc1Nc1ncnc2sc(C(=O)O)c(C)c12,0.4090909090909091,CHEMBL3702324,None
COc1cc2ncnc(Nc3ccc(Cl)c(Cl)c3F)c2cc1OC1CCN(C(=O)/C=C/Cl)CC1,0.4090909090909091,CHEMBL3912945,None
CCOc1cc2nc(-n3ccnc3)nc(Nc3cccc(-c4csc(C)n4)c3)c2cc1OCC,0.4090909090909091,CHEMBL2088848,None
COc1cc2ncnc(Nc3cccc(Cl)c3F)c2cc1CN1CC(C(N)=O)C1,0.4090909090909091,CHEMBL207037,None
C=CC(=O)N1CCCC(Oc2cc3c(Nc4ccc(F)c(Cl)c4F)ncnc3cc2OC)C1,0.4090909090909091,CHEMBL3958394,None
CC(C)(C)OC(=O)NCC(=O)Nc1ccc2ncnc(Nc3cccc(C(F)(F)F)c3)c2c1,0.4090909090909091,CHEMBL4084745,None
Cc1c(C(=O)OCCc2ccccc2)sc2ncnc(Nc3ccc(F)cc3OC(C)C)c12,0.4090909090909091,CHEMBL4439101,None
CCOC(=O)c1ccc(O)c(Nc2ncnc3cc4oc(=O)n(CCOC)c4cc23)c1,0.4090909090909091,CHEMBL3612573,None
COc1ccc(Nc2nc(-c3ccccc3)nc3ccccc23)cc1.Cl,0.4074074074074074,CHEMBL1346541,None
COc1cc2ncnc(Nc3ccc(F)c(Cl)c3)c2cc1OCCCN1CCN(CCC(=O)NCCCCCCCCOc2cccc3c2C(=O)N(C2CCC(=O)NC2=O)C3=O)CC1,0.4074074074074074,CHEMBL4544574,None
COc1cc2nc(Nc3ccc(F)cc3)nc(N)c2cc1OC,0.4074074074074074,CHEMBL1198132,None
COc1cccc2c(Nc3ccccc3C)nc(N)nc12,0.4074074074074074,CHEMBL421554,None
COc1ccc(Nc2nc(C(Cl)(Cl)Cl)nc3ccccc23)cc1,0.4074074074074074,CHEMBL556490,None
COc1cc2ncnc(N3CCc4ccccc43)c2cc1OC,0.4074074074074074,CHEMBL328277,None
Cc1ccc(Nc2ncnc3ccc(NC(=O)Nc4ccc(Cl)cc4)cc23)cc1,0.4067796610169492,CHEMBL513332,None
CCOC(=O)c1cccc(Nc2ncnc3[nH]c(C)c(C)c23)c1,0.4067796610169492,CHEMBL72976,None
Oc1ccc(CNc2ccc3ncnc(Nc4cccc(Cl)c4)c3c2)cc1,0.4067796610169492,CHEMBL1928886,None
C=CC(=O)Nc1ccc2ncnc(Nc3ccc(C(C)(C)C)cc3)c2c1,0.4067796610169492,CHEMBL1221700,None
COc1ccc(Nc2ncnc3c(=N)n(NC(=O)c4ccccc4)cnc23)cc1,0.4067796610169492,CHEMBL1170966,None
C=CC(=O)Nc1ccc2ncnc(Nc3ccc(S(N)(=O)=O)cc3)c2c1,0.4067796610169492,CHEMBL3133910,None
Clc1cccc(Nc2ncnc3ccc(NCc4cccnc4)cc23)c1,0.4067796610169492,CHEMBL2424806,None
Cc1cccc(Nc2nn3c(=O)c4cc5c(cc4nc3s2)OCO5)c1,0.4067796610169492,CHEMBL1604357,None
CCOc1ccc(Nc2cc(NC(=O)/C=C/c3ccccc3)ncn2)cc1,0.4067796610169492,CHEMBL4285158,None
COc1cc(Nc2nc(SCc3ccc(C(F)(F)F)cc3)nc3ccccc23)cc(OC)c1OC,0.4067796610169492,CHEMBL4471258,None
CCOC(=O)c1c(C)oc2nc(C)nc(Nc3cccc(OC)c3)c12,0.4067796610169492,CHEMBL1704456,None
COc1cc2c(NC3=CC(=O)C(OCc4ccccc4)=CC3=O)ncnc2cc1OCCCN1CCCC1,0.4057971014492754,CHEMBL3706836,None
C=CC(=O)N1CC[C@H](Oc2cc3c(Nc4ccc(F)c(Cl)c4F)ncnc3cc2OC)C[C@H]1C(=O)OC,0.4057971014492754,CHEMBL3895009,None
Clc1cc(Nc2ncnc3sc(C#Cc4ncc[nH]4)cc23)ccc1OCc1ccccn1,0.4057971014492754,CHEMBL526613,None
COc1cc2c(Nc3ccc(Cl)c(Cl)c3)ncnc2cc1OCc1noc(C2CCCN2C)n1,0.4057971014492754,CHEMBL3956056,None
O=C(/C=C/CN1CCCC1)N1CCCOc2cc3ncnc(Nc4ccc(F)c(Cl)c4)c3cc21,0.4057971014492754,CHEMBL4435619,None
O=C(/C=C/CN1CCCCC1)N1CCOc2cc3ncnc(Nc4ccc(F)c(Cl)c4)c3cc21,0.4057971014492754,CHEMBL4445017,None
Oc1cccc(Nc2ncnc3ccc(-c4ccccc4)cc23)c1,0.40384615384615385,CHEMBL3661305,None
COc1cc(OC)c(CNc2ncnc3c(OC)c(OC)c(OC)cc23)c(OC)c1,0.40384615384615385,CHEMBL125373,None
COc1cc2ncnc(NCCc3ccccc3F)c2c(OC)c1OC,0.40350877192982454,CHEMBL2409813,None
COC(=N)c1nc2ccc3ncnc(Nc4ccc(O)cc4)c3c2s1,0.40350877192982454,CHEMBL3930050,None
CCOc1cc2nnnc(Nc3ccccc3F)c2cc1OC,0.40350877192982454,CHEMBL3087597,None
O=C(Nc1ccc(Cl)cc1)Nc1ccc2ncnc(Nc3ccccc3)c2c1,0.40350877192982454,CHEMBL467629,None
CO/N=C(\C)c1cccc(Nc2nc3ccccc3c3occc23)c1,0.40350877192982454,CHEMBL1994238,None
COc1ccc(C(CNc2ncnc3sccc23)N(C)C)cc1OC,0.40350877192982454,CHEMBL1610805,None
COc1ccc(Nc2ncnc3onc(C)c23)cc1Cl,0.40350877192982454,CHEMBL1557642,None
CCc1nc(Nc2ccc3c(c2)OCCO3)c2oc3ccccc3c2n1,0.40350877192982454,CHEMBL1620383,None
COc1ccc(Nc2nc(-c3ccccc3F)nc3ccccc23)cc1OC,0.40350877192982454,CHEMBL1560397,None
CCOC(=O)c1cnc2ccccc2c1Nc1ccc2c(c1)OCCO2,0.40350877192982454,CHEMBL1529299,None
COc1cc2nc(N3CCC(N4CCCC4)CC3)nc(Nc3ccc(F)cc3)c2cc1OC,0.4032258064516129,CHEMBL487835,None
CCOC(=O)c1sc2ncnc(Nc3cccc(C(=O)O)c3)c2c1C,0.4032258064516129,CHEMBL1470707,None
O=C(NCCO)c1cc2c(Nc3ccc(OC(F)(F)F)cc3)ncnc2s1,0.4032258064516129,CHEMBL1257425,None
COc1ccc(Nc2nc(N3CCOCC3)nc3c2ncn3Cc2ccccc2)cc1,0.4032258064516129,CHEMBL1172968,None
COc1cc2c(cc1OC)Oc1ncnc(Nc3ccc4ncsc4c3)c1NC2,0.4032258064516129,CHEMBL377730,None
COc1cc2ncnc(NCc3cccc(NC(=O)Nc4ccc(Cl)cc4)c3)c2cc1OC,0.4032258064516129,CHEMBL3739615,None
COc1cc2ncnc(NCc3cccc(NC(=O)Nc4ccc(F)cc4)c3)c2cc1OC,0.4032258064516129,CHEMBL3742087,None
COc1cc2nc(N3CCC(Nc4ccc(C(=O)O)cc4)CC3)nc(Nc3ccc(C)cc3)c2cc1OC,0.40298507462686567,CHEMBL142666,None
C=CC(=O)N1CCC(Oc2cc3c(Nc4ccc(O)cc4Cl)ncnc3cc2OC)CC1,0.40298507462686567,CHEMBL3914192,None
COCCNC(=O)c1sc2ncnc(Nc3ccc(F)cc3OC(C)C)c2c1C,0.40298507462686567,CHEMBL3632746,None
C=CC(=O)N1CCC(Oc2cc3c(Nc4ccc(Cl)cc4O)ncnc3cc2OC)CC1,0.40298507462686567,CHEMBL3977987,None
O=C(CN1CCOCC1)Nc1ccc2ncnc(Nc3ccc(OCc4cccc(F)c4)c(Cl)c3)c2c1,0.4027777777777778,CHEMBL3637894,None
C=C(CN1CCOCC1)C(=O)N1CCC(Oc2cc3c(Nc4ccc(F)c(Cl)c4F)ncnc3cc2OC)CC1,0.4027777777777778,CHEMBL3920112,None
O=C(/C=C/c1ccccc1[N+](=O)[O-])Nc1cc2c(Nc3ccc(F)c(Cl)c3)ncnc2cc1O[C@H]1CCOC1,0.4025974025974026,CHEMBL3763988,None
O=C(/C=C/CN1CCOCC1)N1CCCOc2cc3ncnc(Nc4ccc(OCc5cccc(F)c5)c(Cl)c4)c3cc21,0.4025974025974026,CHEMBL4632500,None
O=C(/C=C/c1cccc2ccccc12)Nc1ccc2ncnc(Nc3cccc(Cl)c3)c2c1,0.4,CHEMBL1812569,None
CCCCCOc1ccc(CCNc2ncnc3ccc(N)cc23)cc1,0.4,CHEMBL566561,None
COc1ccc(Nc2nc(-c3ccncc3)nc3ccccc23)cc1C(F)(F)F,0.4,CHEMBL4060577,None
COc1cccc(Nc2ncnc3sc4c(c23)CCN(S(=O)(=O)c2cccs2)C4)c1,0.4,CHEMBL4557048,None
Cn1cnc2cc3ncnc(Nc4cccc(Br)c4)c3cc21,0.4,CHEMBL176582,None
CSc1ccc(Nc2ncnc3sc(Nc4c(Cl)cccc4Cl)nc23)cc1,0.4,CHEMBL467639,None
Cc1ccc(Nc2nc(Nc3ccccc3)c3ccccc3n2)cc1,0.4,CHEMBL429053,None
Cc1nc(-c2cccc(Nc3ncnc4ccccc34)c2)cs1,0.4,CHEMBL339084,None
COCCN(C)C(=O)[C@@H](C)Oc1cc(F)ccc1Nc1ncnc2cc(N=S(C)(C)=O)cc(C)c12,0.4,CHEMBL4110402,None
COCCOc1cc2ncnc(N3CCN(C(=O)Nc4ccc(C#N)cc4)CC3)c2cc1OC,0.4,CHEMBL127748,None
Fc1cccc(Nc2ncnc3sc4c(c23)CCC4)c1,0.4,CHEMBL1616858,None
O=C(/C=C/CN1CCCC1)N1CCOc2cc3ncnc(Nc4ccc(OCc5cccc(F)c5)c(Cl)c4)c3cc21,0.4,CHEMBL4635100,None
COc1cccc(Nc2ncnc3onc(-c4ccc(Cl)cc4)c23)c1,0.4,CHEMBL4436328,None
Fc1cccc(Nc2ncnc3sc4c(c23)CCCC4)c1,0.4,CHEMBL4453264,None
COc1ccc(-c2ccc3ncnc(Nc4cccc5[nH]ncc45)c3c2)cc1C=O,0.4,CHEMBL3661274,None
CN(C)CCC(=O)Nc1cc2c(Nc3ccc(F)c(Cl)c3)ncnc2cc1OCCCN1CCOCC1,0.4,CHEMBL485303,None
COCCOc1cccc2c(Nc3ccccc3C)c(C(=O)C(C)C)cnc12,0.4,CHEMBL420433,None
C=CC(=O)Nc1cc2c(Nc3ccc(Br)cc3F)ncnc2cc1OCCNC(=O)OC,0.4,CHEMBL3671535,None
O=[N+]([O-])c1cccc(-n2cc(-c3cccc(Nc4ncnc5cc6c(cc45)OCO6)c3)nn2)c1,0.4,CHEMBL4588686,None
CCOC(=O)c1cnc(Nc2cccc(CNc3ncnc4c(C(N)=O)cccc34)c2)s1,0.4,CHEMBL3680544,None
COc1ccc(Nc2nc(-c3ccncc3)nc3ccccc23)cc1,0.4,CHEMBL1499954,None
Nc1cccc(Nc2ncnc3cc(N)ncc23)c1,0.4,CHEMBL124617,None
COc1ccc(CCNc2ncnc3sc(C)cc23)cc1OC,0.4,CHEMBL1625429,None
N#Cc1ccc(Nc2nc(-c3ccncc3)nc3ccccc23)cc1,0.4,CHEMBL3769666,None
COc1cc2nccc(Nc3ccc(C)cc3)c2cc1OCc1ccc(C)cc1,0.4,CHEMBL4130244,None
CCOc1cc2nnnc(Nc3ccc(F)c(C(F)(F)F)c3)c2cc1OC,0.4,CHEMBL3087596,None
C=CC(=O)Nc1cc2c(Nc3cccc(Br)c3)ncnc2cc1SCCCN(CC)CC,0.4,CHEMBL31326,None
COc1cc2c(Nc3ccc(Cl)c(Cl)c3)ncnc2cc1OCc1noc(C2CCCN(C)C2)n1,0.4,CHEMBL3916706,None
CSc1ccc(Nc2nc(-c3ccncc3)nc3ccccc23)cc1,0.4,CHEMBL3770243,None
COc1cc2ncnc(Nc3ccc(Cc4ccccn4)cc3)c2cc1NC(=O)/C=C/CN1CCCC1,0.3972602739726027,CHEMBL3930965,None
CCOc1cc2nc(Cn3ccnc3)nc(Nc3cccc(-c4csc(C)n4)c3)c2cc1OCC,0.39705882352941174,CHEMBL127647,None
O=[N+]([O-])c1ccc(-c2cc3c(Nc4ccc(OCc5cccc(Cl)c5)c(Cl)c4)ncnc3s2)cc1,0.39705882352941174,CHEMBL4277815,None
O=C(CN1CCOCC1)Nc1ccc2ncnc(Nc3ccc(Cl)c(C(F)(F)F)c3)c2c1,0.39705882352941174,CHEMBL4164089,None
CN1CCC(COc2ccc3c(Nc4ccc(NC(=O)NC5CC5)cc4)ncnc3c2)CC1,0.39705882352941174,CHEMBL1934324,None
C=CC(=O)Nc1ccc2ncnc(Nc3ccc(Br)c(OC)c3)c2c1,0.3968253968253968,CHEMBL3133905,None
COc1cc(OC2CCN(C)CC2)c2c(Nc3ccc(F)c(Cl)c3)ncnc2c1,0.3968253968253968,CHEMBL203295,None
COc1ccc(Nc2ncnc3cccc(OC4CCN(C)CC4)c23)cc1Cl,0.3968253968253968,CHEMBL197525,None
O=C(Nc1ccc(N(CCCl)CCCl)cc1)Nc1ccc2ncnc(Nc3ccc(Oc4ccccc4)cc3)c2c1,0.3968253968253968,CHEMBL1795970,None
COCCn1cc(C)cc(Nc2ncnc3sc(C(N)=O)c(C)c23)c1=O,0.3968253968253968,CHEMBL3417205,None
O=C(c1cc2ccccc2[nH]1)c1cc2c(Nc3ccc(C(F)(F)F)cc3)ncnc2s1,0.3968253968253968,CHEMBL1928307,None
O=S(=O)(/C=C/c1ccc(O)cc1)Cc1ccc(Nc2ncnc3ccc(Br)cc23)cc1,0.3968253968253968,CHEMBL159276,None
C=CC(=O)N1CCN(c2cc3ncnc(Nc4ccc(F)c(Cl)c4)c3cc2F)CC1,0.3968253968253968,CHEMBL4456551,None
COc1ccc(Nc2ncnc3c2C(c2ccc(OC)cc2)c2c(c(=O)oc4ccccc24)O3)cc1,0.3968253968253968,CHEMBL4098383,None
COc1ccc2c(c1)oc1c(Nc3ccc(F)cc3F)ncnc12,0.39655172413793105,CHEMBL2313897,None
CCOC(=O)c1sc2nc(C)nc(Nc3ccc(OC)cc3)c2c1C,0.39655172413793105,CHEMBL1437836,None
COC(=O)c1ccc(NCc2nc(N)c3cc(OC)c(OC)cc3n2)cc1,0.39655172413793105,CHEMBL2397829,None
O=C(Nc1ccc(Cl)c(Cl)c1)Nc1ccc2ncnc(Nc3ccccc3)c2c1,0.39655172413793105,CHEMBL468264,None
S=C(Nc1ccc(Br)cc1)Nc1ccc2ncnc(Nc3cccc(Br)c3)c2c1,0.39655172413793105,CHEMBL4088760,None
Cc1ccccc1Nc1ncnc2sc(C#N)c(-c3ccc(Cl)cc3)c12,0.39655172413793105,CHEMBL2386265,None
COc1cccc2c(Nc3ccccc3C)nc(N3CCCC3)nc12,0.39655172413793105,CHEMBL446158,None
CCOC(=O)c1nc(Nc2ccc(N3CCOCC3)cc2)c2ccccc2n1,0.39655172413793105,CHEMBL1552834,None
COc1ccc2c(c1)sc1c(Nc3ccc(Cl)cc3F)ncnc12,0.39655172413793105,CHEMBL2313922,None
COC(=O)c1ccc(Nc2ncnc3c2cnn3-c2ccccc2)cc1,0.39655172413793105,CHEMBL1357147,None
COc1ccc(-c2nc(Nc3ccc(O)cc3)c3ccccc3n2)cc1OC,0.39655172413793105,CHEMBL3092491,None
COc1cc2ncnc(NN3CCOCC3)c2cc1OC,0.39622641509433965,CHEMBL1739091,None
COc1cc2nc(N(C)Cc3ccccc3)nc(N)c2cc1OC,0.39622641509433965,CHEMBL136588,None
COc1ccccc1Nc1nc(Cl)nc2ccccc12,0.39622641509433965,CHEMBL3943700,None
CCc1ncnc2cc(OCC3CO3)c(OC)cc12,0.39622641509433965,CHEMBL1987943,None
COc1cc2ncc(C#N)c(Nc3ccc(SC)cc3)c2cc1OC,0.39622641509433965,CHEMBL30597,None
O=C(COc1ncnc2ccccc12)c1ccc2c(c1)OCCO2,0.39622641509433965,CHEMBL1518624,None
Cc1cccc(Nc2ncnc3[nH]c(C)c(C)c23)c1,0.39622641509433965,CHEMBL307026,None
CCOCCOc1cc2ncnc(Nc3ccc(F)c(Cl)c3)c2cc1NC(=O)/C=C/CN(C)C.O=C(O)/C=C\C(=O)O,0.39473684210526316,CHEMBL4527800,None
O=C(/C=C/CN1CCCC1)N1CCCOc2cc3ncnc(Nc4ccc(OCc5cccc(F)c5)c(Cl)c4)c3cc21,0.39473684210526316,CHEMBL4643903,None
O=S(=O)(c1ccc(-c2ccc3ncnc(Nc4ccc(OCc5cc(F)cc(F)c5F)c(Cl)c4)c3c2)cc1)N1CCOCC1,0.39436619718309857,CHEMBL2347530,None
COc1cc2ncnc(Nc3cccc(Cl)c3F)c2cc1CN1C[C@H](OC)C[C@@H]1C(N)=O,0.39436619718309857,CHEMBL207235,None
O=C(/C=C/Cn1ccnc1)N1CCCOc2cc3ncnc(Nc4ccc(F)c(Cl)c4)c3cc21,0.39436619718309857,CHEMBL4446326,None
COCC(C)NC(=O)[C@@H](C)Oc1cc(F)ccc1Nc1ncnc2cc(N=S(C)(C)=O)cc(C)c12,0.39436619718309857,CHEMBL4106776,None
C=C(C)C(=O)Nc1cc2c(Nc3ccc(F)c(Cl)c3)ncnc2cc1OCCCN1CCOCC1,0.39436619718309857,CHEMBL3974571,None
CN(C)c1cccc2c(S(=O)(=O)NCCN/N=N/c3ccc4ncnc(Nc5cccc(Cl)c5)c4c3)cccc12,0.39436619718309857,CHEMBL606413,None
COc1ccc(-c2nc(Nc3cccc(C(F)(F)F)c3)c3cc([N+](=O)[O-])ccc3n2)cc1OC,0.3939393939393939,CHEMBL4164845,None
CCOc1cc(C(Nc2ccc3c(N)ncnc3c2)C(=O)NS(=O)(=O)c2ccccc2)ccc1OC(C)C,0.3939393939393939,CHEMBL2431591,None
COc1cc2ncnc(Nc3cc(I)ccc3C(=O)O)c2c(OC)c1OC,0.39344262295081966,CHEMBL3040137,None
Cc1ccc(NC(=O)Nc2ccc3ncnc(Nc4ccc(F)cc4)c3c2)cc1Cl,0.39344262295081966,CHEMBL459958,None
Cc1cccc(NC(=S)Nc2ccc(Nc3ncnc4sc5c(c34)CCCC5)cc2)c1,0.39344262295081966,CHEMBL4278543,None
O=[N+]([O-])c1ccc2sc3c(Nc4cccc(C(F)(F)F)c4)ncnc3c2c1,0.39344262295081966,CHEMBL1189489,None
Cc1ccc(NC(=O)Nc2ccc3ncnc(Nc4ccc(Cl)cc4)c3c2)cc1Cl,0.39344262295081966,CHEMBL513306,None
c1cc(Nc2ncnc3ccc(-c4nccc(N5CCOCC5)n4)cc23)ccn1,0.39344262295081966,CHEMBL4171319,None
CCOC(=O)c1noc2ncnc(Nc3ccc(C)c(F)c3)c12,0.39344262295081966,CHEMBL1436580,None
COc1cc(Nc2ncnc3c(NC(=O)Nc4cccc(Oc5ccccc5)c4)cccc23)cc(OC)c1,0.39344262295081966,CHEMBL3973156,None
Cc1cnc(Nc2ncnc3ccc(-c4cccc(N5CCOCC5)c4)cc23)s1,0.39344262295081966,CHEMBL4162775,None
COCCOc1cc2nccc(Nc3cc(O)c(Cl)cc3F)c2cc1OC,0.39344262295081966,CHEMBL433936,None
COc1cc(Nc2nc(-c3ccc(OC)c(OC)c3)nc3ccccc23)cc(OC)c1,0.39285714285714285,CHEMBL1512319,None
COc1cccc(OC)c1-c1cc2c(N[C@H](C)c3ccccc3)ncnc2s1,0.39285714285714285,CHEMBL3759961,None
CCS(=O)(=O)c1ccc2oc(Nc3ccc(OC)c(OC)c3)nc2c1,0.39285714285714285,CHEMBL1464594,None
COc1cc2ncnc(Nc3ccc(F)c(Cl)c3)c2cc1OCCCN1CCN(CCC(=O)NCCCCCCNc2cccc3c2C(=O)N(C2CCC(=O)NC2=O)C3=O)CC1,0.39285714285714285,CHEMBL4473608,None
COc1ccc(S(=O)(=O)n2ccc3ccnc(Nc4ccccc4)c32)cc1,0.39285714285714285,CHEMBL2443319,None
COc1cc2c(C#N)cnc(Nc3cccc(Br)c3)c2cc1OC,0.39285714285714285,CHEMBL324439,None
C#Cc1cccc(N(C)c2nc(Cl)nc3cc(OC)c(OC)cc23)c1,0.39285714285714285,CHEMBL2148023,None
COc1ccc(CNc2ncnc3cc(Cl)ccc23)cc1OC,0.39285714285714285,CHEMBL1389279,None
O=[N+]([O-])c1cc(Nc2ncnc3ccccc23)ccc1O,0.39285714285714285,CHEMBL4533300,None
COc1cccc2c(Nc3ccccc3C)nc(N(C)c3ccccc3)nc12,0.39285714285714285,CHEMBL328578,None
c1ccc(-c2cc3ncnc(Nc4ccc5c(c4)OCO5)c3s2)cc1,0.39285714285714285,CHEMBL496425,None
Cc1ccccc1Nc1nc(Nc2ccccc2)c2ccccc2n1,0.39215686274509803,CHEMBL323131,None
CNS(=O)(=O)c1cccc(Nc2cc(Nc3cccc(S(=O)(=O)NC)c3)ncn2)c1,0.39215686274509803,CHEMBL4105656,None
O=S(=O)(c1cccc(-c2ccc3ncnc(Nc4ccc(OCc5cccc(F)c5)c(Cl)c4)c3c2)c1)N1CCCCC1,0.391304347826087,CHEMBL2347535,None
COc1cc2ncnc(Nc3cccc(Br)c3)c2cc1NC(=O)/C(F)=C\CN(C)C,0.391304347826087,CHEMBL3357655,None
COc1cc2ncnc(Nc3cccc(Cl)c3F)c2cc1CN(CCN(C)C)[C@@H](C)C(N)=O,0.391304347826087,CHEMBL376967,None
COc1cc2nc(OCC3CCN(C(=O)OC(C)(C)C)CC3)nc(Nc3ccc(S(C)(=O)=O)cc3F)c2cc1OC,0.391304347826087,CHEMBL2336767,None
COc1ccc(Nc2ncnc3ccc(NC(=O)Nc4ccc(CN5CCN(C)CC5)cc4)cc23)cc1Cl,0.391304347826087,CHEMBL3740113,None
O=C(/C=C/c1ccccc1)Nc1cc2c(Nc3cccc(Br)c3)ncnc2cn1,0.390625,CHEMBL434828,None
CNc1ncnc2c(CNc3cc(NC(=O)c4ccc5c(c4)OCCO5)ccc3C)cccc12,0.390625,CHEMBL1257599,None
CCOP(=O)(CC)Cc1cc(Nc2cc(-c3ccccc3OC)ncn2)ccc1C,0.390625,CHEMBL3264121,None
COc1cc(-c2ccc3ncnc(Nc4ccc5nc[nH]c5c4)c3c2)ccc1O,0.390625,CHEMBL3661235,None
COCCOc1cc2ncnc(N3CCN(C(=O)Nc4ccc(Oc5ccccc5)cc4)CC3)c2cc1OCCOC,0.390625,CHEMBL125717,None
COC(=O)c1sc2ncnc(Nc3ccc(F)cc3OC(CF)CF)c2c1C,0.390625,CHEMBL3698954,None
COc1cc2nc(N3CCCN(CCN4CCCC4)CC3)nc(Nc3ccc(Cl)cc3)c2cc1OC,0.390625,CHEMBL488691,None
COc1ccccc1/C=C/c1nc(Nc2ccccc2Cl)c2ccccc2n1,0.3898305084745763,CHEMBL4550950,None
NC(=O)Nc1ccc2ncnc(Nc3cccc(O)c3)c2c1,0.3898305084745763,CHEMBL2347232,None
O=C(CSc1nc(Nc2ccc(F)c(F)c2)c2ccccc2n1)c1ccc(Cl)cc1,0.3898305084745763,CHEMBL1531562,None
COc1ccc(Nc2ncnc3c2cnn3Cc2ccc(C)cc2)cc1,0.3898305084745763,CHEMBL1567421,None
CCCOc1cc2c(N3CCCC(c4ccccc4)C3)ncnc2cc1OC,0.3898305084745763,CHEMBL1819122,None
COc1cccc(Nc2cc(NC(=O)/C=C/c3ccccc3)ncn2)c1,0.3898305084745763,CHEMBL4282787,None
COC(=N)c1nc2ccc3ncnc(Nc4ccc(Cl)c(Cl)c4)c3c2s1,0.3898305084745763,CHEMBL3970062,None
COC(=N)c1nc2ccc3ncnc(Nc4ccc(F)c(Cl)c4)c3c2s1,0.3898305084745763,CHEMBL3934766,None
Fc1cccc(NC(=S)Nc2ccc3ncnc(Nc4cccc(Cl)c4)c3c2)c1,0.3898305084745763,CHEMBL568924,None
CC(=O)Nc1ccc2ncnc(Nc3cccc(Br)c3)c2c1,0.3898305084745763,CHEMBL2031296,None
CCOCCOc1cc2ncnc(Nc3ccc(NCCS(C)(=O)=O)c(Cl)c3)c2cc1NC(=O)/C=C/CN(C)C,0.38961038961038963,CHEMBL4456662,None
Clc1cc(Nc2ncnc3sc(C#C[C@H]4CCCN4)cc23)ccc1OCc1cccnc1Cl,0.3888888888888889,CHEMBL531921,None
COc1cc2c(NCc3ccncc3)ncnc2c(OC)c1OC,0.3888888888888889,CHEMBL341475,None
CCOc1ccc(Nc2nc(N)c3ccccc3n2)cc1,0.3888888888888889,CHEMBL528833,None
CCOC(=O)c1ccc(Nc2ccc3ccccc3n2)cc1,0.3888888888888889,CHEMBL1644346,None
Cc1ccc(Nc2nc(-c3ccncc3)nc3ccccc23)cc1,0.3888888888888889,CHEMBL1429854,None
O=S(=O)(c1ccc(-c2ccc3ncnc(Nc4ccc(OCc5ccc(C(F)(F)F)c(F)c5)c(Cl)c4)c3c2)cc1)N1CCOCC1,0.3888888888888889,CHEMBL2347529,None
Fc1ccc(Nc2ncnc3sc4c(c23)CCCC4)cc1,0.3888888888888889,CHEMBL3237080,None
Fc1ccc(Nc2ncnc3sc4c(c23)CCC4)cc1,0.3888888888888889,CHEMBL1623214,None
COc1cccc2ncnc(NCC(C)(C)c3ccccc3)c12,0.3888888888888889,CHEMBL3298225,None
Cc1cccc(Nc2ncnc3cnc(Cl)nc23)c1,0.3888888888888889,CHEMBL52823,None
CC1CCN(C/C=C/C(=O)N2CCCOc3cc4ncnc(Nc5ccc(F)c(Cl)c5)c4cc32)CC1,0.3888888888888889,CHEMBL4449525,None
CCOc1ccc(Nc2nc3ccccc3c(=O)s2)cc1,0.3888888888888889,CHEMBL1556149,None
COc1cc(Nc2ncnc3c2oc2cccnc23)cc(OC)c1OC,0.3888888888888889,CHEMBL3091812,None
CCS(=O)(=O)Nc1cc(-c2ccc3ncnc(Nc4ccc(OC)c(OC)c4)c3c2)cnc1OC,0.3880597014925373,CHEMBL4218843,None
O=C(Nc1ccc(CN2CCCC2)cc1)Nc1ccc2ncnc(Nc3cccc(C(F)(F)F)c3)c2c1,0.3880597014925373,CHEMBL3740910,None
Cc1cc(N=S(C)(C)=O)cc2ncnc(Nc3ccc(F)cc3OCCCO)c12,0.3880597014925373,CHEMBL3908621,None
COCCOc1cc2c(N3CCN(/C(S)=N\Cc4ccc5c(c4)OCO5)CC3)ncnc2cc1OC,0.3880597014925373,CHEMBL148382,None
Cc1cccc(Nc2nc3ccccc3o2)c1,0.3877551020408163,CHEMBL4567357,None
N#Cc1cccc(Nc2nc3nonc3nc2Nc2cccc(C#N)c2)c1,0.3877551020408163,CHEMBL4450003,None
CCOc1ncnc2cc(OC)c(OC)cc12,0.3877551020408163,CHEMBL1683652,None
Nc1ccc(Nc2ncnc3cc(N)ncc23)cc1,0.3877551020408163,CHEMBL333272,None
CN(C)CCN(C)c1cc2ncnc(Nc3cccc(Br)c3)c2cn1,0.3870967741935484,CHEMBL126137,None
COc1cc(-c2ccc3ncnc(Nc4ccc(F)c(O)c4F)c3c2)ccc1O,0.3870967741935484,CHEMBL3665863,None
CN(C)c1ccc(-c2ccc3ncnc(Nc4cccc5[nH]ncc45)c3c2)cc1,0.3870967741935484,CHEMBL3661266,None
Cc1ccc(Nc2cc(-c3ccc4c(c3)OCCO4)ncn2)cc1NS(C)(=O)=O,0.3870967741935484,CHEMBL467014,None
COc1ccc(-n2cnc3c(sc4ncnc(Nc5ccc(F)cc5)c43)c2=O)cc1,0.3870967741935484,CHEMBL2205364,None
COc1cc(-c2ccc3ncnc(Nc4ccc(Cl)cc4O)c3c2)ccc1O,0.3870967741935484,CHEMBL3661211,None
Cc1cccc(Nc2ncnc3cc(NCCCn4ccnc4)ncc23)c1,0.3870967741935484,CHEMBL340898,None
CCOC(=O)C(=CNc1ccc2ncnc(Nc3ccccc3Cl)c2c1)C(=O)OCC,0.3870967741935484,CHEMBL2347226,None
CCOP(=O)(CC)Cc1ccc(Nc2cc(-c3ccccc3OC)ncn2)cc1,0.3870967741935484,CHEMBL3264115,None
COc1cc(F)ccc1Nc1ncnc2sc(C(=O)N3CCCC3)c(C)c12,0.3870967741935484,CHEMBL4513484,None
C=CC(=O)Nc1cc2c(Nc3ccc(Br)cc3F)ncnc2cc1OCCNC(=O)C(COC)N(C)C,0.38666666666666666,CHEMBL3676379,None
OC[C@H]1CCCN1CC#Cc1cc2c(Nc3ccc(OCc4cccc(F)c4)c(Cl)c3)ncnc2s1,0.38666666666666666,CHEMBL588531,None
O=C(N/N=C/c1ccc(F)cc1Cl)Nc1cc2c(Nc3ccc(F)c(Cl)c3)ncnc2cc1O[C@H]1CCOC1,0.38666666666666666,CHEMBL4098060,None
COc1cc2ncc(C#N)c(Nc3cccc(F)c3)c2cc1OC,0.38596491228070173,CHEMBL320479,None
C/C(=N\O)c1cccc(Nc2nc3ccccc3c3occc23)c1,0.38596491228070173,CHEMBL1997355,None
N#Cc1sc2ncnc(Nc3ccccc3Cl)c2c1-c1ccc(Cl)cc1,0.38596491228070173,CHEMBL2386263,None
COc1ccccc1/C=C/c1c(N)ncnc1Nc1cccc(Cl)c1,0.38596491228070173,CHEMBL1975533,None
COc1ccc(CCNc2ncnc3c2oc2ccccc23)cc1OC,0.38596491228070173,CHEMBL1623701,None
Cn1ccc2cc3c(Nc4cccc(Br)c4)ncnc3cc21,0.38596491228070173,CHEMBL36727,None
COc1cccc(-c2cc3c(N[C@H](C)c4ccccc4)ncnc3o2)c1,0.38596491228070173,CHEMBL3946396,None
CS(=O)(=O)c1ccc(Nc2nc(-c3ccncc3)nc3ccccc23)cc1,0.38596491228070173,CHEMBL3771220,None
Fc1ccc(Nc2nc(SCc3cccc(F)c3)nc3ccccc23)cc1,0.38596491228070173,CHEMBL1434565,None
O=[N+]([O-])c1ccc2ncnc(Nc3cccc(Cl)c3)c2c1,0.38596491228070173,CHEMBL1080816,None
COc1cc2c(NCCc3ccc4c(c3)OCO4)ncnc2c(OC)c1OC,0.38596491228070173,CHEMBL122909,None
COc1cc2ncc(C#N)c(Nc3cccc(Br)c3)c2cc1OC,0.38596491228070173,CHEMBL111038,None
CO/N=C(\C)c1ccc(Nc2nc3ccccc3c3occc23)cc1,0.38596491228070173,CHEMBL2005386,None
CS(=O)(=O)c1ccc(Nc2ncnc3sc(Nc4c(Cl)cccc4Cl)nc23)cc1,0.38596491228070173,CHEMBL467851,None
Fc1ccccc1COc1ccc(Nc2ncnc3ccc(-c4nnc(C(F)(F)F)o4)cc23)cc1Cl,0.38571428571428573,CHEMBL527930,None
Cc1ccc(NC(=O)c2cccc(C(F)(F)F)c2)cc1C(=O)c1cc2c(Nc3ccc(OC(F)(F)F)cc3)ncnc2s1,0.38571428571428573,CHEMBL1256107,None
COc1cc2c(Oc3ccc(Nc4ccc(C(C)(C)C)cc4)cc3)ccnc2cc1OCCN1CCOCC1,0.38461538461538464,CHEMBL354902,None
c1ccc(-c2csc(Nc3ccc4c(c3)OCCO4)n2)cc1,0.38461538461538464,CHEMBL1619886,None
CC1CCN(C/C=C/C(=O)N2CCOc3cc4ncnc(Nc5ccc(OCc6cccc(F)c6)c(Cl)c5)c4cc32)CC1,0.38461538461538464,CHEMBL4634127,None
COCCOc1nc(NCc2ccccc2)c2nc(OCCOC)nc(NCc3ccccc3)c2n1,0.38461538461538464,CHEMBL185864,None
Cc1ccc(Nc2nc(-c3ccccc3)nc3ccccc23)cc1,0.38461538461538464,CHEMBL1534709,None
Cc1c(C(=O)O)sc2ncnc(Nc3ccc(F)cc3OCC(F)F)c12,0.38461538461538464,CHEMBL3702319,None
Fc1cccc(COc2ccc(Nc3ncnc4ccc(-n5nncc5CN5CCOCC5)cc34)cc2Cl)c1,0.38461538461538464,CHEMBL4172435,None
O=C(CN1CCOCC1)Nc1ccc2ncnc(Nc3cccc(Cl)c3)c2c1,0.38461538461538464,CHEMBL4164798,None
Cc1ccc([N+](=O)[O-])c(C(=O)Nc2cccc(Nc3ncnc4sccc34)c2)c1,0.38461538461538464,CHEMBL4534755,None
O=C(CCl)OCCn1c(=O)oc2cc3ncnc(Nc4ccc(Oc5cccc(C(F)(F)F)c5)c(Cl)c4)c3cc21,0.3835616438356164,CHEMBL3930270,None
COCCNCc1cccc(C#Cc2cc3ncnc(Nc4ccc(OCc5cccc(F)c5)c(Cl)c4)c3s2)n1,0.3835616438356164,CHEMBL548567,None
c1cc(-c2ccc3ncnc(Nc4cnccn4)c3c2)cc(N2CCOCC2)c1,0.38333333333333336,CHEMBL4171268,None
CCCCCOC(=O)c1ccc(Nc2nc(C(=O)OCC)nc3ccccc23)cc1,0.38333333333333336,CHEMBL1880380,None
CCCCCOc1cc2nnnc(Nc3ccc(F)cc3)c2cc1OC,0.38333333333333336,CHEMBL3087613,None
COc1cc2nccc(Oc3ccc(Nc4ccc(C(C)(C)C)cc4)c(C)c3C)c2cc1OC,0.38333333333333336,CHEMBL167425,None
CN(c1nc2c(Nc3ccc(C(F)(F)F)cc3)ncnc2s1)c1c(Cl)cccc1Cl,0.38333333333333336,CHEMBL468261,None
Brc1ccc(Nc2ncnc3sc4c(c23)CCN(Cc2ccccc2)C4)cc1,0.38333333333333336,CHEMBL4513266,None
CCOc1ccc(S(=O)(=O)NC)cc1Nc1cc(Nc2ccc(Cl)cc2)ncn1,0.38333333333333336,CHEMBL3956165,None
COc1cc2c(Nc3ccc(Cl)cc3)nnnc2cc1OCCCCl,0.38333333333333336,CHEMBL4237771,None
COCC#Cc1cnccc1-c1csc(Nc2cccc(C)c2)n1,0.38333333333333336,CHEMBL566344,None
c1ccc(CCCNc2ncnc3cc(OCC4CCN(CCNc5cccc6ccccc56)CC4)ccc23)cc1,0.38235294117647056,CHEMBL4066400,None
Clc1cc(Nc2ncnc3cccc(OC4CCOCC4)c23)ccc1OCc1ccccn1,0.38235294117647056,CHEMBL193578,None
C=CC(=O)Nc1cc2c(Nc3ccc(Br)cc3F)ncnc2cc1OCCNC,0.38235294117647056,CHEMBL3671503,None
COc1cc2nc(NCCOc3c(OC)cccc3OC)nc(N)c2cc1OC,0.38181818181818183,CHEMBL1191037,None
CCOc1ccc(Nc2nc(N)c3ccccc3n2)cc1.Cl,0.38181818181818183,CHEMBL530609,None
COc1cc2ncnc(/C=C/CCc3ccccc3)c2cc1OC,0.38181818181818183,CHEMBL250923,None
COc1cc2nc(=S)n(CCc3ccccc3)c(N)c2cc1OC,0.38181818181818183,CHEMBL3392058,None
COC(=O)c1ccccc1Nc1ncnc(Nc2cc(OC)c(OC)c(OC)c2)n1,0.38181818181818183,CHEMBL2409585,None
COc1cc2nccc(Nc3cccc(Oc4ccccc4)c3)c2cc1OC.Cl,0.38181818181818183,CHEMBL532296,None
COc1ccccc1C(=O)Nc1nc2cc3c(cc2s1)OCCO3,0.38181818181818183,CHEMBL1351929,None
COc1ccc(Nc2nc3cc(C)ccc3cc2C#N)cc1,0.38181818181818183,CHEMBL1509463,None
CC(C)(C)c1ccc(-c2ccnc(Nc3ccc4c(c3)OCCO4)c2)cc1,0.38181818181818183,CHEMBL227310,None
CCOc1ccc2nc(C)cc(Nc3ccc4c(c3)OCCO4)c2c1,0.38181818181818183,CHEMBL1197920,None
Fc1cccc(COc2ccc(Nc3ncnc4ccc(-c5ccc(CN6CCOCC6)o5)cc34)cc2Cl)c1,0.3815789473684211,CHEMBL3546948,None
C=CC(=O)Nc1cc2c(Nc3ccc(OCc4cccnc4)c(Cl)c3)ncnc2cc1OCCNC(C)=O,0.3815789473684211,CHEMBL3676350,None
COc1cc2ncnc(Nc3ccc(OCc4cccc(F)c4)c(Cl)c3)c2cc1NC(=O)/C(F)=C\CN(C)C,0.3815789473684211,CHEMBL3352869,None
Cc1cc(Nc2ncnc3cnc(N4CCOCC4)cc23)ccc1OC1CCN(C(=O)Nc2c(F)cccc2F)CC1,0.3815789473684211,CHEMBL231102,None
Cc1cccc(Nc2ncnc3cnc(NCCc4c[nH]cn4)cc23)c1,0.38095238095238093,CHEMBL161895,None
CCCCCOc1cc2nnnc(Nc3cccc(OC(F)(F)F)c3)c2cc1OC,0.38095238095238093,CHEMBL3087611,None
COc1ccc(Nc2ncnc3c2C(c2ccc(Cl)cc2)c2c(ccc4ccccc24)O3)cc1,0.38095238095238093,CHEMBL4067229,None
CCOc1ccc(Nc2nc(-c3cccc([N+](=O)[O-])c3)nc3ccccc23)cc1OCC,0.38095238095238093,CHEMBL4176826,None
COC(=O)c1cccc(NC(=O)c2sc3nc4cc5c(cc4cc3c2N)OCCO5)c1,0.38095238095238093,CHEMBL3261349,None
S=C(NCc1ccccc1)Nc1ccc2ncnc(Nc3ccccc3Br)c2c1,0.38095238095238093,CHEMBL4071935,None
COc1ccc(Nc2cc(C)c3cc(NC(=O)COc4cccc(C)c4)ccc3n2)cc1,0.38095238095238093,CHEMBL1515152,None
COc1cc(-c2cc3c(Nc4cc(O)ccc4Cl)ncnc3cc2OC)ccc1O,0.38095238095238093,CHEMBL3661227,None
COc1cc2c(Nc3ccc(F)c(C(F)(F)F)c3)nnnc2cc1OCCCCl,0.38095238095238093,CHEMBL4239785,None
COc1cc2ncnc(Nc3ccc(F)c(Cl)c3)c2cc1CNC(=O)[C@H]1CCCCN1C,0.38028169014084506,CHEMBL461967,None
CC(C)C[C@@H](NC(=O)OC(C)(C)C)C(=O)Nc1ccc2ncnc(Nc3cccc(C(F)(F)F)c3)c2c1,0.38028169014084506,CHEMBL4064791,None
OCc1ccc(-c2ccc3ncnc(Nc4ccc(OCc5cccc(F)c5)c(Cl)c4)c3c2)o1,0.38028169014084506,CHEMBL3542268,None
Cl.Fc1cccc(COc2ccc(Nc3ncnc4ccc(-c5nnc(C(F)(F)F)o5)cc34)cc2Cl)c1,0.38028169014084506,CHEMBL532895,None
Fc1cccc(COc2ccc(Nc3ncnc4ccc(-c5ccc(CN6CCCCC6)cc5)cc34)cc2Cl)c1,0.38028169014084506,CHEMBL2347522,None
O=C(COc1cccc2ncnc(Nc3ccc4c(cnn4Cc4ccccn4)c3)c12)N1CCOCC1,0.38028169014084506,CHEMBL402658,None
COCCOCCOc1ccccc1-c1nnc(Nc2ccc(CC(N)=O)cc2F)c2ccsc12,0.38028169014084506,CHEMBL4570366,None
COc1cc2ncnc(Nc3ccc(F)c(Cl)c3F)c2cc1OC1CCN(C(=O)/C=C/C(=O)NO)CC1,0.38028169014084506,CHEMBL3971350,None
Fc1cccc(COc2ccc(Nc3ncnc4ccc(-c5nnc(C(F)(F)F)o5)cc34)cc2Cl)c1,0.38028169014084506,CHEMBL586775,None
Nc1ccc2sc3c(Nc4ccccc4)ncnc3c2c1,0.38,CHEMBL1184579,None
Nc1cccc2c(NCc3ccccc3)ncnc12,0.38,CHEMBL117988,None
CC1CCN(C/C=C/C(=O)N2CCCOc3cc4ncnc(Nc5ccc(OCc6cccc(F)c6)c(Cl)c5)c4cc32)CC1,0.379746835443038,CHEMBL4641942,None
NC(=O)Nc1ccc2ncnc(Nc3ccc(Cl)cc3)c2c1,0.3793103448275862,CHEMBL2347231,None
NC(=O)c1ccc(Nc2nc(-c3ccncc3)nc3ccccc23)cc1,0.3793103448275862,CHEMBL3770181,None
NC(=O)c1ccc(Nc2ncnc3sc(Nc4c(Cl)cccc4Cl)nc23)cc1,0.3793103448275862,CHEMBL467852,None
COc1cc2nc(N3CCC(Cc4ccccc4)CC3)nc(N)c2cc1OC,0.3793103448275862,CHEMBL1195414,None
CC(=O)c1cccc(Nc2nc(-c3ccccc3Cl)nc3ccccc23)c1,0.3793103448275862,CHEMBL1593306,None
COc1cc(Nc2nc(-c3ccccc3)nc3ccccc23)ccc1Br,0.3793103448275862,CHEMBL4558657,None
COc1cc2ncc(C=O)c(Nc3cccc(Br)c3)c2cc1OC,0.3793103448275862,CHEMBL109332,None
COc1ccc(OC)c(Nc2nc(-c3ccc(C)cc3)nc3ccccc23)c1,0.3793103448275862,CHEMBL1566713,None
CCOc1ccc(Nc2nc3cc(S(=O)(=O)N(CC)CC)ccc3o2)cc1,0.3793103448275862,CHEMBL1517167,None
NC(=O)Nc1ccc2ncnc(Nc3ccc(Br)cc3)c2c1,0.3793103448275862,CHEMBL3814959,None
CC(C)c1ccc(Nc2nc(N3CCNCC3)nc3ccccc23)cc1,0.3793103448275862,CHEMBL3609173,None
COc1cc2ncc(C#N)c(Nc3ccc(C)c(Cl)c3)c2cc1OC,0.3793103448275862,CHEMBL109355,None
Cl.c1ccc2c(Nc3ccc4c(c3)OCCO4)c3c(nc2c1)CCC3,0.3793103448275862,CHEMBL1585112,None
COc1ccc(Nc2nc(-c3cc(O)c(O)c(O)c3)nc3ccccc23)cc1,0.3793103448275862,CHEMBL1223187,None
CC(C)c1nc2cc3c(Nc4ccccc4)ncnc3cc2n1C1CCCCC1,0.3793103448275862,CHEMBL516348,None
COc1cc2c(cc1OC)CN(CCc1ccc(Nc3nc(-c4ccc5ccccc5n4)nc4ccccc34)cc1)CC2,0.3787878787878788,CHEMBL4063568,None
COC1=CC(=O)C(Nc2ncnc3cc(OCCCN4CCCC4)c(OC)cc23)=CC1=O,0.3787878787878788,CHEMBL199455,None
COC(=O)c1sc2ncnc(Nc3ccc(F)cc3OC(C)CCN)c2c1C,0.3787878787878788,CHEMBL3698930,None
COc1cc2nc(NCCC3CCOCC3)nc(Nc3cnc(OC)c(C)c3)c2cc1OC,0.3787878787878788,CHEMBL3819381,None
COc1ccc(Nc2ncnc3c2C(c2cccc(C)c2)c2c(c(=O)oc4ccccc24)O3)cc1,0.3787878787878788,CHEMBL4062701,None
CN(C(=O)N(CCCl)N=O)c1ccc2ncnc(Nc3cccc(Cl)c3)c2c1,0.3787878787878788,CHEMBL210378,None
C[C@H]1[C@H](OCCCCCOc2ccc3ncnc(Nc4ccc(F)c(Cl)c4)c3c2)O[C@@H]2O[C@@]3(C)CC[C@H]4[C@H](C)CC[C@@H]1[C@@]24OO3,0.3783783783783784,CHEMBL4533121,None
COc1cc2c(Nc3nc4ccc(C(=O)Nc5c(C)cc(C)cc5C)cc4s3)ncnc2cc1OCCCN1CCC(C)CC1,0.3783783783783784,CHEMBL2377277,None
COc1cc2ncnc(Nc3ccc(F)c(Cl)c3)c2cc1S(=O)(=O)N1CCN(c2ncc(C(=O)NO)cn2)CC1,0.3783783783783784,CHEMBL3909637,None
C[C@H]1[C@@H](OCCCCCOc2ccc3ncnc(Nc4ccc(F)c(Cl)c4)c3c2)O[C@@H]2O[C@@]3(C)CC[C@H]4[C@H](C)CC[C@@H]1[C@@]24OO3,0.3783783783783784,CHEMBL4585679,None
O=c1oc2cc3ncnc(Nc4ccc(OCc5ccc(Cl)cc5)c(Cl)c4)c3cc2n1CCCN1CCOCC1,0.3783783783783784,CHEMBL2064395,None
Fc1ccc(Nc2ncnc3sc(-c4ccc(Br)cc4)cc23)cc1Cl,0.37735849056603776,CHEMBL4169500,None
c1cc(Nc2ncnc3sc4c(c23)CCC4)ccn1,0.37735849056603776,CHEMBL1619530,None
FC(F)(F)c1ccc(Nc2nc(C(Cl)(Cl)Cl)nc3ccccc23)cc1,0.37735849056603776,CHEMBL569594,None
COc1ccc(C(=O)c2sc(Nc3ccccc3)nc2N)cc1OC,0.37735849056603776,CHEMBL550174,None
COCCNc1ncnc2oc(-c3ccccc3)c(-c3ccccc3)c12,0.37735849056603776,CHEMBL191396,None
Nc1ccc(-c2cc3c(NCc4ccccc4)ncnc3s2)cc1,0.37735849056603776,CHEMBL4292091,None
COc1cc2ccnc(Nc3ccc(Cl)cc3)c2cc1OC,0.37735849056603776,CHEMBL340097,None
COc1cc2ccnc(Nc3ccc(Br)cc3)c2cc1OC,0.37735849056603776,CHEMBL127198,None
COc1ccnc(Nc2cccc(C)c2)c1C#N,0.37735849056603776,CHEMBL1312772,None
