Smiles,chembl_id,chembl_pref_name
CNc1ccc2ncnc(Nc3cccc(C)c3)c2c1,CHEMBL208594,None
CC(=O)N1CCN(Cc2ccc(-c3ccc4ncnc(Nc5ccc(OCc6cccc(F)c6)c(Cl)c5)c4c3)o2)CC1,CHEMBL3546969,None
N#Cc1cccc(Nc2ncnc3ccccc23)c1,CHEMBL3092492,None
CCOC(=O)c1cccc(Nc2ncnc3ccccc23)c1,CHEMBL1625522,None
COc1cc2nc([S+]([O-])CC(=O)Nc3ccc(C)cc3)nc(Nc3c(Cl)cc(/C=C/C#N)cc3Cl)c2cc1OC,CHEMBL4564775,None
COCCOc1cc2ncnc(Nc3ccc(Cl)cc3F)c2cc1OCCOC,CHEMBL148869,None
C=CCn1c(C)nc2cc(Nc3nc(N4CCOCC4)nc4ccccc34)ccc21,CHEMBL2382220,None
C#Cc1cccc(Nc2ncnc3cc(OCCOC(=O)C(C)c4ccc(CC(C)C)cc4)c(OCCOC(=O)C(C)c4ccc(CC(C)C)cc4)cc23)c1,CHEMBL3739528,None
COc1cc2ncnc(Nc3ccc(OCc4ccccc4Br)c(OC)c3)c2cc1OC,CHEMBL587144,None
CS(=O)(=O)CCNCc1ccc(-c2ccc3ncnc(Nc4ccc(OCc5cccc(F)c5)c(Cl)c4)c3c2)o1.Cc1ccc(S(=O)(=O)O)cc1.Cc1ccc(S(=O)(=O)O)cc1,CHEMBL1201183,None
CCC(=O)Nc1cc2c(Nc3ccc(Cc4ccncc4)cc3)ncnc2cc1OC,CHEMBL3942999,None
C=CC(=O)N1CC[C@@H](Oc2cc3c(Nc4ccc(F)c(Cl)c4)ncnc3cc2OC)C1,CHEMBL3943577,None
FC(F)(F)c1nc(Nc2ccc(Cl)cc2Cl)c2ccccc2n1,CHEMBL3890160,None
COc1cc2ncnc(Nc3ccc(NC(C)=O)c(C)c3)c2cc1OC,CHEMBL3301701,None
Fc1ccc(Nc2ncnc3ccc(C#CCN4CCCCC4)cc23)cc1Cl,CHEMBL251700,None
COc1cc2ncnc(Nc3ccc(F)c(Cl)c3)c2cc1N1CCOCC1,CHEMBL3623283,None
Brc1cccc(Nc2ncnc3cc4[nH]ccc4cc23)c1,CHEMBL40734,None
Oc1ccccc1Nc1nc(-c2cccnc2)nc2ccccc12,CHEMBL1197887,None
COc1cc2ncnc(Nc3ccc(Cc4ccccn4)cc3)c2cc1NC(=O)/C=C/CN1CCCC1,CHEMBL3930965,None
COc1cc2ncnc(Nc3ccc(C)c(C(F)(F)F)c3)c2cc1OC,CHEMBL1277527,None
COc1cc2c(Nc3c(F)ccc(O)c3C)ncnc2cc1OCc1nccn1C,CHEMBL3797991,None
C[C@@H]1CN(CCCc2nc(Nc3ccc(C(F)(F)F)cc3)c3ccc(-c4ncccc4C(F)(F)F)cc3n2)C[C@H](C)O1,CHEMBL446258,None
CN(CCS(C)(=O)=O)Cc1ccc(-c2ccc3ncnc(Nc4ccc(OCc5cccc(F)c5)c(Cl)c4)c3c2)o1.Cc1ccc(S(=O)(=O)O)cc1,CHEMBL531785,None
Cn1ccnc1S(=O)(=O)CCNCc1ccc(-c2ccc3ncnc(Nc4ccc(OCc5cccc(F)c5)c(Cl)c4)c3c2)o1,CHEMBL532686,None
COc1ccccc1/C=C/c1nc(Nc2ccccc2Cl)c2ccccc2n1,CHEMBL4550950,None
COc1ccc(/C=C/C(=O)c2ccc(Nc3ncnc4ccccc34)cc2)cc1OC,CHEMBL3809167,None
CCN(CCS(C)(=O)=O)Cc1ccc(-c2ccc3ncnc(Nc4ccc(OCc5cccc(F)c5)c(Cl)c4)c3c2)o1,CHEMBL546497,None
C=CC(=O)Nc1ccc2ncnc(Nc3ccc(Br)c(OC)c3)c2c1,CHEMBL3133905,None
Cl.c1ccc(Nc2ncnc3ccccc23)cc1,CHEMBL1698739,None
COc1cc2c(Nc3ccccc3F)ncnc2c(OC)c1OC,CHEMBL228620,None
O=[N+]([O-])c1ccc(O)c(Nc2ncnc3ccc(Br)cc23)c1,CHEMBL1616549,None
Cc1nc(N(C)c2ccc(OCCN3CCN(Cc4ccc(C(C)(C)C)cc4)CC3)cc2)c2ccccc2n1,CHEMBL3787546,None
COc1ccc(OC)c(Nc2nc(/C=C/c3ccccc3OC(C)=O)nc3ccccc23)c1,CHEMBL4458986,None
COc1cc2ncnc(Nc3ccc(OCc4ccccc4)c(I)c3)c2cc1OC,CHEMBL531423,None
COc1cc2ncnc(Nc3cccc(N(CCCl)CCCl)c3)c2cc1OC,CHEMBL3039688,None
C[Se]c1ccc(N(C)c2nc(C)nc3ccccc23)cc1C,CHEMBL4070783,None
COCCOc1cc2ncnc(Nc3cccc(N(CCCl)CCCl)c3)c2cc1OCCOC,CHEMBL3040850,None
COc1ccc(Nc2nc(Nc3ccc(OC)cc3)c3ccccc3n2)cc1,CHEMBL1197601,None
Cn1cc([N+](=O)[O-])nc1C[N+](C)(C)C/C=C/C(=O)Nc1ccc2ncnc(Nc3cccc(Br)c3)c2c1.[Br-],CHEMBL4473277,None
C#Cc1cc(Nc2ncnc3cc(O)c(OCCCCCCC(=O)NO)cc23)ccc1O,CHEMBL3973930,None
COc1cc2ncnc(Nc3ccc(N(CCCl)CCCl)cc3)c2cc1OC,CHEMBL3039689,None
COc1cc2ncnc(Nc3ccc4c(c3)CCC4)c2cc1OC,CHEMBL1196033,None
COc1ccc(Nc2ncnc3ccc(NC(=O)Nc4cccc(C#N)c4)cc23)cc1,CHEMBL467855,None
COc1cc2ncnc(Nc3ccc(OC(F)(F)c4ccccc4)cc3)c2cc1OC.Cl,CHEMBL529120,None
CCOc1cc2ncnc(Nc3ccc(OCc4ccccc4F)c(Cl)c3)c2cc1OCC,CHEMBL535563,None
CCNc1nc(N2CC(=O)Nc3cc(OC)ccc32)c2ccccc2n1,CHEMBL4095378,None
O=C(/C=C/c1c[nH]c2ccccc12)Nc1ccc2ncnc(Nc3cccc(Cl)c3)c2c1,CHEMBL2424805,None
COc1cc2c(Nc3ccc(Cl)c(Cl)c3)ncnc2cc1OCC1CN(C(=O)c2c(C)noc2C)CCO1,CHEMBL3947700,None
c1ccc(-c2cccc(Nc3ncnc4cc5c(cc34)OCCO5)c2)nc1,CHEMBL3305619,None
COc1cc(Nc2nc(-c3ccc(OC)c(OC)c3)nc3ccccc23)cc(OC)c1,CHEMBL1512319,None
COc1cc2c(Nc3ccc(Cl)c(Cl)c3)ncnc2cc1OCC1CN(CCO)CCO1,CHEMBL3893176,None
COc1cc2ncnc(Nc3ccc(OC(F)(F)c4ccccc4)cc3)c2cc1OC,CHEMBL526757,None
CS(=O)(=O)CCN(CCS(C)(=O)=O)Cc1ccc(-c2ccc3ncnc(Nc4ccc(OCc5cccc(F)c5)c(Cl)c4)c3c2)o1,CHEMBL529972,None
O=C(/C=C/c1cccc2ccccc12)Nc1ccc2ncnc(Nc3cccc(Cl)c3)c2c1,CHEMBL1812569,None
COc1ccc(N(C)c2nc(Nc3ccccc3C)[n+](C)c3ccccc23)cc1,CHEMBL1179662,None
Cc1cccc(Nc2ncnc3cc4c(cc23)n(C)c(=O)n4C)c1,CHEMBL3039701,None
Clc1cccc(Nc2ncnc3cc(OCCCN4CCOCC4)c4c(c23)OCCO4)c1,CHEMBL3805681,None
CC#CCNC(=O)[C@@H](C)Oc1cc(F)ccc1Nc1ncnc2cc(N=S(C)(C)=O)cc(C)c12,CHEMBL4107564,None
CCN(CC)CCCNc1nc(Nc2ccc(Cl)c(Cl)c2)c2ccccc2n1,CHEMBL284639,None
COc1cc2c(Nc3ccc(Cl)c(Cl)c3F)ncnc2cc1OC[C@@H]1C[C@@H]2CN(C)C[C@@H]2C1.Cc1ccc(S(=O)(=O)O)cc1,CHEMBL3544982,TESEVATINIB TOSYLATE
COc1cc2ncnc(N(C)c3cccc(Cl)c3)c2cc1OC.Cl,CHEMBL553908,None
Cc1cccc(Nc2ncnc3c2ccc2ccccc23)c1,CHEMBL3040860,None
CC(C)(C)c1ccc(Nc2ncnc3ccc(NC(=S)NCc4ccccc4)cc23)cc1,CHEMBL4101828,None
COc1cccc2ncnc(Nc3cccc(Br)c3)c12,CHEMBL119033,None
CCOCCOc1cc2ncnc(Nc3ccc(OCCOC)c(Cl)c3)c2cc1NC(=O)/C=C/CN(C)C,CHEMBL4456300,None
COc1cc2c(Nc3ccc(Cl)c(Cl)c3)ncnc2cc1OCC1CN(CC2CC2)CCCO1,CHEMBL3966752,None
C#Cc1cccc(Nc2ncnc3cc(OCCOC(=O)c4ccccc4OC(C)=O)c(OCCOC)cc23)c1,CHEMBL3741424,None
FC(F)(F)c1cccc(Nc2ncnc3ccc(NC(=S)Nc4ccc(Br)cc4)cc23)c1,CHEMBL570270,None
CC1CN(Cc2nc(Nc3ccc(C(F)(F)F)cc3)c3ccc(-c4ncccc4C(F)(F)F)cc3n2)CC(C)O1,CHEMBL456162,None
COc1cc2ncnc(Nc3ccc(CS(=O)(=O)/C=C/c4ccc(Br)cc4)cc3)c2cc1OC,CHEMBL159601,None
COc1ccc(N(C)c2nc(NCCO)nc3ccccc23)cc1,CHEMBL3905227,None
CCOc1cc2ncnc(Nc3ccc(F)c(Cl)c3)c2cc1OC(=O)CSc1ncc[nH]1,CHEMBL4526992,None
CC(C)Oc1cc2c(Nc3ccc(Cl)c(Cl)c3)ncnc2cc1OCC1CN(C)CCO1,CHEMBL3937297,None
Cc1c(OCC(F)(F)F)ccnc1COc1cccc(Nc2ncnc3cc4oc(=O)n(CCCN5CCOCC5)c4cc23)c1,CHEMBL2064393,None
NC(=O)Nc1ccc2ncnc(Nc3ccc(Cl)cc3)c2c1,CHEMBL2347231,None
COc1cc2ncnc(Nc3ccc(Cl)cc3Cl)c2cc1OCCCN1CCNCCNCC1,CHEMBL4549221,None
Fc1ccc(Nc2ncnc3cc(OCCN4CCOCC4)c(OCCN4CCOCC4)cc23)cc1Cl,CHEMBL4172592,None
COc1cc2c(Nc3ccccc3C#N)ncnc2cc1OCCCN1CCCC1,CHEMBL4176139,None
COC(=O)c1nc(Nc2cc(Oc3ccccc3)cc([N+](=O)[O-])c2)c2ccccc2n1,CHEMBL3337567,None
NC(=O)Nc1ccc2ncnc(Nc3cccc(O)c3)c2c1,CHEMBL2347232,None
CCOc1cc2ncnc(Nc3ccccc3)c2cc1OCC,CHEMBL65055,None
COc1cc2c(Nc3ccc(Br)c(F)c3F)ncnc2cc1OCC1CN(C)CCO1,CHEMBL3941947,None
COc1ccc(OC)c(Nc2ncnc3ccc(Br)cc23)c1,CHEMBL1444189,None
COc1cc2ncnc(Nc3ccc(Cl)cc3)c2c(OC)c1OC.Cl,CHEMBL2409835,None
COC(=N)c1nc2ccc3ncnc(Nc4ccc(O)cc4)c3c2s1,CHEMBL3930050,None
CN(C)C1CCC(Nc2nc(Nc3cccc(Br)c3)c3ccccc3n2)CC1,CHEMBL284457,None
O=[N+]([O-])c1cccc(Nc2nc(-c3cccc([N+](=O)[O-])c3)nc3ccccc23)c1,CHEMBL4172744,None
CN1CCN(CCCOc2ccc3c(Nc4ccc(NC(=O)NCc5ccccc5)cc4)ncnc3c2)CC1,CHEMBL3343309,None
CNS(=O)(=O)c1ccc(N(C)C)c(Nc2ncnc3cc(OC)cc(OC)c23)c1,CHEMBL3814834,None
FC(F)(F)c1ccc(Nc2nc(C(Cl)(Cl)Cl)nc3ccccc23)cc1,CHEMBL569594,None
COc1ccc(N(c2nc(Cl)nc3ccccc23)C2CCCC2)cc1,CHEMBL3980057,None
CS(=O)(=O)Nc1cccc(-c2nc(Nc3ccccc3)c3ccccc3n2)c1,CHEMBL1599118,None
COc1cc2c(Nc3cccc(I)c3)ncnc2c(OC)c1OC,CHEMBL4130011,None
CCCCCOC(=O)c1ccc(Nc2nc(C(=O)OCC)nc3ccccc23)cc1,CHEMBL1880380,None
Oc1ccc2ncnc(Nc3ccc(OCc4cccc(F)c4)cc3)c2c1,CHEMBL4514248,None
COc1cc(-c2ccc3ncnc(Nc4cccc(F)c4)c3c2)ccc1O,CHEMBL3661233,None
COc1cc2ncnc(Nc3ccc(F)c(Cl)c3)c2cc1CNC(=O)[C@H]1CCCCN1C,CHEMBL461967,None
CCOc1cc2ncnc(Nc3cc(S(=O)(=O)NC)ccc3OCC(F)(F)F)c2cc1OC,CHEMBL3814998,None
O=C(COc1cccc(-c2nc(Nc3ccc4[nH]ncc4c3)c3ccccc3n2)c1)Nc1cccnc1,CHEMBL3666716,None
COc1cc2nc(N3CCC(Nc4ccc(C(=O)O)cc4)CC3)nc(Nc3ccc(C)cc3)c2cc1OC,CHEMBL142666,None
C=C=CCCCCOc1cc2c(Nc3ccc(F)c(Cl)c3)ncnc2cc1O,CHEMBL591040,None
O=[N+]([O-])c1ccccc1-n1cc(-c2cccc(Nc3ncnc4cc5c(cc34)OCCO5)c2)nn1,CHEMBL4583159,None
COc1ccc(Nc2ncnc3ccccc23)c(OC)c1.Cl,CHEMBL1497047,None
C=CCCCN1CCOC(COc2cc3ncnc(Nc4ccc(Cl)c(Cl)c4)c3cc2OC)C1,CHEMBL3944857,None
COc1cc2c(Nc3ccc(Cl)c(Cl)c3)ncnc2cc1OCc1cc(F)cc2c1OCOC2,CHEMBL3952493,None
CNC(=O)CCN1CCC(Oc2cc3c(Nc4cccc(Cl)c4F)ncnc3cc2OC)CC1,CHEMBL2408054,None
COc1cc2c(Nc3ccc(Br)c(Cl)c3)ncnc2cc1O[C@H]1CO[C@H]2[C@@H]1OC[C@@H]2O,CHEMBL3893363,None
c1ccc(COc2ccccc2Nc2ncnc3cc4c(cc23)OCCOCCOCCO4)cc1,CHEMBL4458384,None
CN1CCN(c2nc(Nc3ccccc3)c3ccccc3n2)CC1,CHEMBL515870,None
COc1ccc(Nc2nc(-c3ccncc3)nc3ccccc23)cc1C(F)(F)F,CHEMBL4060577,None
Oc1cccc(Nc2ncnc3ccc(-c4ccccc4)cc23)c1,CHEMBL3661305,None
Cc1ccc2ncnc(Nc3ccccc3)c2c1,CHEMBL1530661,None
COc1ccc(Nc2nc(-c3cccnc3)nc3ccc(N)cc23)cc1,CHEMBL4176905,None
C#Cc1cccc(Nc2ncnc3cc(O[C@H]4CCOC4)c(NC(=O)/C=C/CN4CCCCC4)cc23)c1,CHEMBL3622671,None
COc1cc2ncnc(Nc3ccc(-c4nc5ccccc5s4)cc3O)c2cc1OC,CHEMBL593293,None
Cc1cccc(Nc2ncnc3ccc(F)cc23)c1,CHEMBL1079598,None
CN1CCN(Cc2ccc(NC(=O)Nc3ccc4ncnc(Nc5ccc(F)c(Cl)c5)c4c3)cc2)CC1,CHEMBL3739427,None
CC(=O)Nc1ccc2ncnc(Nc3ccc(F)c(Cl)c3)c2c1,CHEMBL3814257,None
NC(=O)c1ccc(Nc2nc(-c3ccncc3)nc3ccccc23)cc1,CHEMBL3770181,None
COc1cc2nc(C)nc(Nc3ccc(Cc4ccccc4)cc3)c2cc1OC.Cl,CHEMBL533205,None
CCOc1cc2ncnc(Nc3cccc(-c4nc(C(N)=O)cs4)c3)c2cc1OCC,CHEMBL126668,None
O=[N+]([O-])c1ccc(-n2cc(-c3cccc(Nc4ncnc5cc6c(cc45)OCCO6)c3)nn2)cc1,CHEMBL4562863,None
C=CC(=O)Nc1cc2c(Nc3ccc(Br)cc3F)ncnc2cc1OCCNC(=O)C(COC)N(C)C,CHEMBL3676379,None
COc1cc2ncnc(Nc3ccc(NC(=O)N4CCN(c5ccccc5)C4=O)cc3F)c2cc1OC,CHEMBL573765,None
CCNC(=O)Nc1ccc(C(=O)Nc2ccc3ncnc(Nc4ccc(F)c(Cl)c4)c3c2)cc1,CHEMBL3633941,None
C#Cc1cccc(Nc2ncnc3ccc(NC(=O)Nc4ccc(CN5CCOCC5)cc4)cc23)c1,CHEMBL3740987,None
O=S(=O)(Nc1nccs1)c1ccc(NC(=S)Nc2ccc3ncnc(Nc4cccc(Br)c4)c3c2)cc1,CHEMBL4101774,None
CCOc1cc2nc(Cl)nc(Nc3cccc(-c4csc(C)n4)c3)c2cc1OCC,CHEMBL341075,None
COc1cc2ncnc(Nc3cc(O)c(Cl)cc3Cl)c2cc1OC,CHEMBL3775190,None
COc1cc2c(Nc3ccc(NC(=O)Nc4ccccc4)c(Cl)c3)ncnc2cc1OCCN1CCCCC1,CHEMBL3948354,None
COc1cccc(N(C)c2nc(Cl)nc3ccccc23)c1,CHEMBL458062,None
Cc1nc(N(C)c2ccc([Se]C#N)c(Cl)c2)c2ccccc2n1,CHEMBL4064599,None
CC(C)(C)S(=O)(=O)c1cc2c(Nc3ccc4scnc4c3)ncnc2cc1OCCOP(=O)(O)O,CHEMBL4596287,None
C[C@H](NC(=O)[C@@H](C)Oc1cc(F)ccc1Nc1ncnc2cc(N=S(C)(C)=O)cc(Cl)c12)C(F)(F)F,CHEMBL4113746,None
COc1ccc(-c2ccc3ncnc(Nc4cccc(O)c4)c3c2)cc1,CHEMBL3661243,None
COc1cc2c(Nc3ccc(F)c(F)c3)ncnc2cc1OCCOCCOCCNC(=O)Cn1cnc([N+](=O)[O-])n1,CHEMBL4468893,None
COc1ccc(Nc2ncnc3ccccc23)cc1,CHEMBL1616345,None
CNC(=O)CN1CCC(Oc2cc3c(Nc4cccc(Cl)c4F)ncnc3cc2OC)C1,CHEMBL2408210,None
Cc1ccccc1Nc1nc(-c2cccnc2)nc2ccccc12,CHEMBL1618148,None
CC(=O)/C=C/C(=O)Cc1ccc2ncnc(Nc3cccc(Br)c3)c2c1,CHEMBL455174,None
COc1ccc(OC)c(Nc2ncnc3ccccc23)c1.Cl,CHEMBL1487549,None
COc1cc(OC2CCN(C)CC2)c2c(Nc3ccc(F)c(Cl)c3)ncnc2c1,CHEMBL203295,None
CCOc1cc(N=S2(=O)CCC2)cc2ncnc(Nc3ccc(Cl)cc3O[C@H](C)C(=O)N[C@@H](C)C#N)c12,CHEMBL3959814,None
CCOCCOc1cc2ncnc(Nc3ccc(F)c(Cl)c3)c2cc1NC(=O)/C=C/CN(C)C.O=C(O)/C=C\C(=O)O,CHEMBL4527800,None
CCC#CCN1CCOC(COc2cc3ncnc(Nc4ccc(Cl)c(Cl)c4)c3cc2OC)C1,CHEMBL3919493,None
O=C1CCN(C/C=C/C(=O)Nc2cc3c(Nc4ccc(F)c(Cl)c4)ncnc3cc2O[C@H]2CCOC2)CC1,CHEMBL3622652,None
COc1cc2c(Nc3ccc(F)c(F)c3)ncnc2cc1OCCOCCNC(=O)Cn1cnc([N+](=O)[O-])n1,CHEMBL4576032,None
COc1cc2c(Nc3ccc(Cl)c(Cl)c3)ncnc2cc1OCc1cscn1,CHEMBL3968322,None
CN(c1ccc(Oc2ccccc2)cc1)c1nc(Cl)nc2ccccc12,CHEMBL457613,None
C=C(Cl)C(=O)Nc1cc2c(Nc3ccc(F)c(Cl)c3)ncnc2cc1OCCOCC,CHEMBL4589070,None
CCN(CC)c1ccc(-c2csc(COc3cc4ncnc(Nc5ccc(Cl)c(Cl)c5)c4cc3OC)n2)cc1,CHEMBL3922630,None
COc1cccc(Nc2nc(-c3cccnc3)nc3ccc(N)cc23)c1,CHEMBL4169043,None
COc1cc2c(Nc3ccc4c(c3)OCO4)ncnc2cc1OCCCN1CCOCC1,CHEMBL169725,None
COc1cc2ncnc(Nc3ccc(OCc4ccccc4)c(OCc4ccccc4)c3)c2cc1OC,CHEMBL527269,None
CN1CCC(Oc2cccc3ncnc(Nc4ccc(OCc5cccc(F)c5)c(Cl)c4)c23)CC1,CHEMBL197640,None
COc1ccc2c(c1)OCCN2c1nc(C)nc2ccccc12,CHEMBL3126925,None
Fc1cccc(COc2ccc(Nc3ncnc4ccc(-c5ccc(CN6CCNCC6)o5)cc34)cc2Cl)c1,CHEMBL3546966,None
Cc1ccccc1Nc1nc(Nc2ccccc2)c2ccccc2n1,CHEMBL323131,None
CCN(CC)CCCNc1nc(Nc2cc(Cl)cc(Cl)c2)c2ccccc2n1,CHEMBL28615,None
COc1cc2c(Nc3ccc(-c4nc5cc(Cl)ccc5s4)cc3)ncnc2cc1OCCCN1CCN(C)CC1,CHEMBL596292,None
C=CC(=O)Nc1cc2c(Nc3ccc(Br)cc3F)ncnc2cc1OC[C@@H](C)NC(C)=O,CHEMBL3671552,None
COc1ccc2c(c1)OCCN2c1nc(Cl)nc2ccccc12,CHEMBL3126924,None
CN(C)CCC(=O)Nc1ccccc1-c1nc(Nc2ccc3[nH]ncc3c2)c2ccccc2n1,CHEMBL3666741,None
COc1cc2c(Nc3ccc(Cl)cc3F)ncnc2c(OC)c1OC,CHEMBL4126565,None
O=[N+]([O-])c1ccc(COc2cccc(Nc3ncnc4cc5c(cc34)OCCOCCO5)c2)cc1,CHEMBL4543269,None
COc1cc2nc(Nc3ccc(C#N)cc3)nc(Nc3c(C)cc(/C=C/C#N)cc3C)c2cc1OC,CHEMBL4450406,None
COc1cc2c(cc1OC)CN(CCc1ccc(Nc3nc(-c4ccc5ccccc5n4)nc4ccccc34)cc1)CC2,CHEMBL4063568,None
Nc1cc(Br)ccc1NC(=O)COc1ccc2ncnc(Nc3ccc(F)c(Cl)c3)c2c1,CHEMBL3922068,None
C=CC(=O)N1CCC(Oc2cc3c(Nc4ccc(O)cc4Cl)ncnc3cc2OC)CC1,CHEMBL3914192,None
COc1cc2ncnc(Nc3ccc(I)cc3Cl)c2cc1OC,CHEMBL151418,None
Oc1cc(-c2nc(Nc3ccc4c(c3)OCO4)c3ccccc3n2)cc(O)c1O,CHEMBL1223268,None
COc1cccc(Nc2ncnc3ccc(NC(=O)Nc4ccc(C)c(Cl)c4)cc23)c1,CHEMBL462066,None
c1ccc(COc2ccc(Nc3ncnc4ccc(-c5ccc(CN6CCSCC6)o5)cc34)cc2)cc1,CHEMBL588324,None
COc1cc2ncnc(Nc3ccc(F)c(Cl)c3)c2cc1OCCCN1CCN(C(=O)CCOCCOCCOCCC(=O)N[C@H](C(=O)N2C[C@H](O)C[C@H]2C(=O)NCc2ccc(-c3scnc3C)cc2)C(C)(C)C)CC1,CHEMBL4455628,None
COc1cc2ncnc(Nc3cc(I)ccc3C(=O)O)c2c(OC)c1OC,CHEMBL3040137,None
c1ccc2c(Nc3nc(-c4ccncc4)nc4ccccc34)cccc2c1,CHEMBL1545274,None
CC(C)C[C@@H](NC(=O)OC(C)(C)C)C(=O)Nc1ccc2ncnc(Nc3cccc(C(F)(F)F)c3)c2c1,CHEMBL4064791,None
COc1ccc(Nc2nc(-c3cccnc3)nc3ccc(NC(=O)c4cccc([N+](=O)[O-])c4)cc23)cc1,CHEMBL4161772,None
Cc1ccc(S(=O)(=O)O)cc1.Fc1cccc(COc2ccc(Nc3ncnc4ccc(-c5ccc(CN6CCNCC6)o5)cc34)cc2Cl)c1,CHEMBL3436356,None
COc1cc2c(Nc3ccc(-c4nc5ccccc5s4)cc3)ncnc2cc1OCCCN1CCN(C)CC1,CHEMBL595615,None
COc1cc2ncnc(Nc3cccc(Br)c3)c2cc1OCCCn1c([N+](=O)[O-])cnc1C,CHEMBL3355890,None
C[C@H]1[C@H](OC(=O)CCC(=O)Oc2ccc(Nc3ncnc4ccccc34)cc2)O[C@@H]2O[C@]3(C)CC[C@H]4[C@H](C)CC[C@@H]1[C@@]24OO3,CHEMBL4646960,None
CCCN(c1ccc(C)c(Br)c1)c1ncnc2cc(OC)c(OC)cc12,CHEMBL1277528,None
CS(=O)(=O)Nc1cccc(-c2nc(Nc3ccc(F)cc3)c3ccccc3n2)c1,CHEMBL1474989,None
CCCN1CCOC(COc2cc3ncnc(Nc4ccc(Cl)c(Cl)c4)c3cc2OC)C1,CHEMBL3942082,None
Cn1cnc2cc3ncnc(Nc4cccc(Br)c4)c3cc21,CHEMBL176582,None
O=C(CSc1nc(Nc2ccc(F)c(F)c2)c2ccccc2n1)c1ccc(Cl)cc1,CHEMBL1531562,None
Cc1cc(C(C)Oc2cc(F)ccc2Nc2ncnc3cc(N=S(C)(C)=O)cc(F)c23)on1,CHEMBL3953178,None
CCOc1cc2ncnc(Nc3ccc(F)c(Cl)c3)c2cc1OC(=O)CSc1ncccn1,CHEMBL4558356,None
CCN(CC)C1CCC(Nc2nc(Nc3ccc(Cl)c(Cl)c3)c3ccccc3n2)CC1,CHEMBL32022,None
O=C1N=C(N2CCC[C@H]2C(=O)Nc2ccc3ncnc(Nc4cccc(Cl)c4)c3c2)S/C1=C/c1ccc(-c2ccccc2)cc1,CHEMBL3586189,None
COc1cc2ncnc(Nc3cccc(Cl)c3F)c2cc1OC(=O)N1CCN(C)C2CC21,CHEMBL3623287,None
COc1cc(-c2ccc3ncnc(Nc4ccc(F)c(O)c4F)c3c2)ccc1O,CHEMBL3665863,None
COC(=N)c1nc2ccc3ncnc(Nc4ccc(F)cc4Br)c3c2s1,CHEMBL2386770,None
C[n+]1ccc(Nc2ccc(NC(=O)c3ccc(Nc4nc[n+](C)c5ccc(N)cc45)cc3)cc2)cc1.Cc1ccc(S(=O)(=O)[O-])cc1.Cc1ccc(S(=O)(=O)[O-])cc1,CHEMBL3230819,None
COc1ccc(N(C)c2nc(NCCN3CCOCC3)nc3ccccc23)cc1,CHEMBL3909783,None
CN(C)/N=N/c1ccc2ncnc(N(C)c3ccccc3)c2c1,CHEMBL344652,None
Fc1ccc(Nc2nc(-c3cccnc3)nc3ccccc23)cc1,CHEMBL1473133,None
O=C(/C=C/CN1CCCC1)N1CCCOc2cc3ncnc(Nc4ccc(OCc5cccc(F)c5)c(Cl)c4)c3cc21,CHEMBL4643903,None
CC(C)NC/C=C/C(=O)Nc1cc2c(Nc3ccc(F)c(Cl)c3)ncnc2cc1O[C@H]1CCOC1,CHEMBL3622670,None
C=CC(=O)Nc1cc2c(Nc3ccc(Br)c(Cl)c3F)ncnc2cc1OCCNC(=O)CCN1CCCCC1,CHEMBL3676367,None
CCc1ccc(N(C)c2nc(C)nc3ccccc23)cc1,CHEMBL473998,None
C#Cc1cccc(Nc2ncnc3cc4c(cc23)N(C(=O)/C=C/CN2CCCC2)CCO4)c1,CHEMBL3114700,None
CN(c1ccc(OCCN2CCN(Cc3ccccc3Cl)CC2)cc1)c1nc(Cl)nc2ccccc12,CHEMBL3786942,None
C=CC(=O)Nc1cc2c(Nc3ccc(Br)cc3F)ncnc2cc1OCCNC(=O)CN,CHEMBL3671529,None
COc1cc2c(Nc3c(F)ccc(O)c3C)ncnc2cc1OCCN1CCOCC1,CHEMBL3797688,None
C[Se]c1ccc(N(C)c2nc(C)nc3ccccc23)cc1F.Cl,CHEMBL4095052,None
Nc1ccc2ncnc(Nc3cccc(Br)c3)c2c1,CHEMBL52765,None
COc1ccc2c(c1)NC(=O)CN2c1nc(Cl)nc2ccccc12,CHEMBL4083238,None
CCOc1cc2ncnc(Nc3ccc(C)c(Cl)c3)c2cc1OCC,CHEMBL303292,None
Cc1ccc(Nc2ncnc3ccc(NC(=O)Nc4ccc(Cl)cc4)cc23)cc1,CHEMBL513332,None
Cc1ccc(Nc2nc(Nc3ccccc3)c3ccccc3n2)cc1,CHEMBL429053,None
CCS(=O)(=O)Nc1cc(-c2ccc3ncnc(Nc4ccc(OC)c(OC)c4)c3c2)cnc1OC,CHEMBL4218843,None
CCCCc1nc(Cl)c(C=O)n1CCCOc1cc2c(Nc3ccc(OC)cc3)ncnc2cc1OC,CHEMBL562058,None
COc1cc2ncnc(Nc3cccc(Cl)c3)c2cc1OCCCN1CCNCCNCCNCC1,CHEMBL4545355,None
COc1cc(Nc2ncnc3ccc(Cl)cc23)cc(OC)c1OC,CHEMBL1194235,None
CN1CCN(C(=O)c2ccc(NC(=O)Nc3ccc4ncnc(Nc5cccc(C(F)(F)F)c5)c4c3)cc2)CC1,CHEMBL3742260,None
COc1ccc(/C=N/NC(=O)Nc2cc3c(Nc4ccc(F)c(Cl)c4)ncnc3cc2OC)cc1,CHEMBL4104540,None
COc1ccc(Nc2ncnc3ccc(NC(=S)Nc4ccc(Cl)cc4)cc23)cc1,CHEMBL571800,None
Cc1nc(-c2cccc(Nc3ncnc4ccccc34)c2)cs1,CHEMBL339084,None
O=C(/C=C/Cn1cccn1)Nc1ccc2ncnc(Nc3cccc(Br)c3)c2c1,CHEMBL93754,None
COc1ccc(Nc2ncnc3cccc(OC4CCN(C)CC4)c23)cc1Cl,CHEMBL197525,None
COc1ccc(N(C)c2nc(Cl)nc3cc(C)ccc23)cc1,CHEMBL3920429,None
C#Cc1cccc(Nc2ncnc3ccc(NC(=O)c4ccc(C(=O)Nc5ccccc5N)nc4)cc23)c1,CHEMBL3217998,None
COc1cc2nc(C)nc(Nc3ccc(Oc4ccccc4)cc3)c2cc1OC.Cl,CHEMBL531961,None
Oc1ccc(CNc2ccc3ncnc(Nc4cccc(Cl)c4)c3c2)cc1,CHEMBL1928886,None
CCOCCOc1cc2ncnc(Nc3ccc(NCCS(C)(=O)=O)c(Cl)c3)c2cc1NC(=O)/C=C/CN(C)C,CHEMBL4456662,None
COCCOc1cc2ncnc(Nc3ccc(N(CCCl)CCCl)cc3)c2cc1OCCOC.Cl,CHEMBL2417871,None
COc1cc2ncnc(Nc3ccc(OCc4cccc(F)c4)c(Cl)c3)c2cc1OCCCN1CCNCCNCC1,CHEMBL4439338,None
COc1cc2ncnc(Nc3ccc(Cl)c(Cl)c3F)c2cc1OC1CCN(C(=O)/C=C/Cl)CC1,CHEMBL3912945,None
CCN(CC)C(=O)[C@@H](C)Oc1cc(F)ccc1Nc1ncnc2cc(N=S(C)(C)=O)cc(C)c12,CHEMBL4114567,None
CC(C)(C)S(=O)(=O)c1cc2c(Nc3ccc4scnc4c3)ncnc2cc1OCCOS(=O)(=O)O,CHEMBL4595801,None
COCCN(C)C(=O)[C@@H](C)Oc1cc(F)ccc1Nc1ncnc2cc(N=S(C)(C)=O)cc(C)c12,CHEMBL4110402,None
COc1cc2ncnc(Nc3ccc(F)c(Cl)c3)c2cc1OCCCCCC(C(=O)NO)C(C)C,CHEMBL3949397,None
COc1cc2c(Nc3ccc(Br)c(Cl)c3F)ncnc2cc1OC[C@@H]1CN(C)CC(=O)N1C,CHEMBL3891130,None
C[C@H]1[C@H](OC(=O)CCC(=O)Nc2ccc3ncnc(Nc4ccc(Cl)c(Cl)c4)c3c2)O[C@@H]2O[C@]3(C)CC[C@H]4[C@H](C)CC[C@@H]1[C@@]24OO3,CHEMBL4641562,None
Cc1cc(N=S(C)(C)=O)cc2ncnc(Nc3ccc(F)cc3OC(C)CF)c12,CHEMBL3899248,None
CN(C)C/C=C/C(=O)Nc1cc2c(Nc3ccc(OCc4ccccn4)cc3)ncnc2cc1O[C@H]1CCOC1,CHEMBL3622644,None
COc1cc2nc(Nc3ccc(O)c(C[N+](C)(C)C)c3)nc(Nc3ccc(O)c(C[N+](C)(C)C)c3)c2cc1OC,CHEMBL1185163,None
C=CC(=O)Nc1cc2c(N3CCc4ccccc43)ncnc2cc1O[C@@H]1CCOC1,CHEMBL4175383,None
CC1CCN(C/C=C/C(=O)N2CCOc3cc4ncnc(Nc5ccc(OCc6cccc(F)c6)c(Cl)c5)c4cc32)CC1,CHEMBL4634127,None
CNc1ccc2c(Nc3cc(S(=O)(=O)NC)ccc3N(C)C)ncnc2c1,CHEMBL3813872,None
C=CC(=O)N1CC[C@H](Oc2cc3c(Nc4ccc(F)c(Cl)c4F)ncnc3cc2OC)C[C@H]1C(=O)OC,CHEMBL3895009,None
CN1Cc2cc3c(Nc4cccc(Br)c4)ncnc3cc21,CHEMBL489112,None
Cc1ccc(NC(=O)Nc2ccc3ncnc(Nc4ccc(F)cc4)c3c2)cc1Cl,CHEMBL459958,None
C#Cc1cccc(Nc2nc(NCc3ccccc3)nc3cc(OC)c(OC)cc23)c1,CHEMBL2148041,None
C#CCCCCOc1cc2c(Nc3ccc(F)c(Cl)c3)ncnc2cc1OC,CHEMBL591039,None
CC(=O)Nc1cccc(Nc2nc(-c3cccs3)nc3ccccc23)c1,CHEMBL1307612,None
CS(=O)(=O)Nc1cccc(Nc2ncnc3cc4c(cc23)OCCO4)c1,CHEMBL3040841,None
Fc1cccc(COc2ccc(Nc3ncnc4ccc(-c5ccc(CN6CCOCC6)o5)cc34)cc2Cl)c1,CHEMBL3546948,None
C=CC(=O)N1CCC(Oc2cc3c(Nc4ccc(Cl)c(O)c4)ncnc3cc2OC)CC1,CHEMBL3938932,None
CCc1ccccc1Nc1ncnc2ccccc12,CHEMBL1619751,None
COc1cc(Nc2ncnc3cc(OC)c(OC)cc23)cc([N+](=O)[O-])c1,CHEMBL531117,None
O=C(Nc1ccc(Cl)cc1)Nc1ccc2ncnc(Nc3ccccc3)c2c1,CHEMBL467629,None
O=S(=O)(c1ccc(-c2ccc3ncnc(Nc4ccc(OCc5cc(F)cc(F)c5F)c(Cl)c4)c3c2)cc1)N1CCOCC1,CHEMBL2347530,None
CCOC(=O)Nc1ccc(Nc2ncnc3cc(OCCN4CCCCC4)c(OC)cc23)cc1Cl,CHEMBL3304217,None
Cc1cc(N=S(C)(C)=O)cc2ncnc(Nc3ccc(Cl)cc3O[C@H](C)C(=O)NCC(F)(F)F)c12,CHEMBL4110252,None
Cc1ccc(-c2nc(Nc3cccc(O)c3)c3ccccc3n2)cc1,CHEMBL1543298,None
COc1ccc(-c2nc(Nc3cccc(C#N)c3)c3ccccc3n2)cc1,CHEMBL4167968,None
Nc1cccc(Nc2ncnc3ccccc23)c1,CHEMBL1622857,None
O=C(/C=C/CN1CCCC1)Nc1cc2c(N3CCc4ccccc43)ncnc2cc1O[C@@H]1CCOC1,CHEMBL4171594,None
CCOc1cc2ncnc(Nc3ccc4c(ccn4S(=O)(=O)c4ccccc4)c3)c2cc1NC(=O)/C=C/CN1CCCC1,CHEMBL3890751,None
C=CC(=O)Nc1cc2c(Nc3ccc(OCc4cccnc4)c(Cl)c3)ncnc2cc1OCCNC(C)=O,CHEMBL3676350,None
COc1cc(OC)c2c(=O)c(OCCOc3cc4c(Nc5ccc(F)c(Cl)c5)ncnc4cc3OC)c(-c3ccc(OC)c(OC)c3)oc2c1,CHEMBL2042967,None
CN(CC(=O)O)Cc1c[nH]c2cc3ncnc(Nc4cccc(Br)c4)c3cc12,CHEMBL289213,None
CN(c1ccc(Cl)cc1Cl)c1nc(C(Cl)(Cl)Cl)nc2ccccc12,CHEMBL3930300,None
CCOc1cc2ncnc(Nc3cccc(-c4csc(NN)n4)c3)c2cc1OCC,CHEMBL125515,None
CCOc1cc2ncnc(Nc3cc(Cl)c(Cl)c(Cl)c3)c2cc1OCC,CHEMBL580582,None
C#Cc1cccc(Nc2ncnc3cc(OCCOC)c(OCCOC(=O)C(C)c4ccc(CC(C)C)cc4)cc23)c1,CHEMBL3741533,None
COc1cc2nc(C)nc(Nc3ccc(Oc4ccccc4)cc3)c2cc1OC,CHEMBL529643,None
O=C(Nc1ccccc1-c1nc(Nc2ccc3[nH]ncc3c2)c2ccccc2n1)c1ccncc1,CHEMBL3666739,None
COC(=N)c1nc2ccc3ncnc(Nc4ccc(OC)c(O)c4)c3c2s1,CHEMBL3905538,None
COc1cc2ncnc(Nc3ccc(-c4nc5ccccc5s4)c(F)c3)c2cc1OCCCN1CCN(C)CC1,CHEMBL593760,None
Cc1cccc(-c2nc(Nc3ccc(C(=O)O)cc3)c3ccccc3n2)c1,CHEMBL1956880,None
CCCOc1cc2ncnc(Nc3ccc(NC(=O)OCC)c(Cl)c3)c2cc1OC,CHEMBL3301888,None
C=C(C)C(=O)Cc1ccc2ncnc(Nc3cccc(Br)c3)c2c1,CHEMBL524132,None
COc1cc2ncnc(Nc3ccc4c(c3)CCN4C(=O)Cc3ccn(C)n3)c2cc1OC,CHEMBL3355044,None
O=C(NCCCCOc1ccc2ncnc(Nc3ccc(OCc4ccccc4)cc3)c2c1)C(F)(F)F,CHEMBL14627,None
CC[C@H](C)[C@@H](NC(=O)OC(C)(C)C)C(=O)Nc1ccc2ncnc(Nc3cccc(Br)c3)c2c1,CHEMBL4061283,None
C=CCOc1cc2ncnc(Nc3cccc(C)c3)c2cc1OC,CHEMBL3040788,None
COc1cc2ncnc(N(CCN(C)C)c3ccc(C)c(Br)c3)c2cc1OC,CHEMBL1275627,None
O=C(CO)N1CCC[C@H]1COc1cccc2ncnc(Nc3ccc(OCc4ccccn4)c(Cl)c3)c12,CHEMBL403569,None
C=CC(=O)Nc1ccc2ncnc(Nc3ccc(C(C)(C)C)cc3)c2c1,CHEMBL1221700,None
CN(C)CCCNCCC(=O)Nc1ccc(Nc2nc(-c3ccccc3NC(=O)CCNCCCN(C)C)nc3ccccc23)cc1,CHEMBL3912254,None
[O-][S+]1CCN(Cc2ccc(-c3ccc4ncnc(Nc5ccc(OCc6ccccc6)c(F)c5)c4c3)o2)CC1,CHEMBL215716,None
COc1cccc(NC(=O)N2CCCc3cc(Nc4ncnc5cc(OC)c(OC)cc45)ccc32)c1,CHEMBL4539051,None
CCCCNC(=O)Nc1cccc(N(C)c2ncnc3cc(OC)c(OC)cc23)c1,CHEMBL1277073,None
CCOC(=O)CCCn1c(=O)oc2cc3ncnc(Nc4cc(C(=O)OCC)ccc4O)c3cc21,CHEMBL3612587,None
O=[N+]([O-])c1ccc(COc2ccccc2Nc2ncnc3cc4c(cc23)OCCOCCOCCO4)cc1,CHEMBL4538874,None
Cc1cc(N=S(C)(C)=O)cc2ncnc(Nc3ccc(F)cc3O[C@H](C)C(=O)NCC#N)c12,CHEMBL4110019,None
COc1cc2nc([S+]([O-])CC(=O)Nc3ccc(C#N)cc3)nc(Nc3c(Cl)cc(/C=C/C#N)cc3Cl)c2cc1OC,CHEMBL4446570,None
CCN(CC)C1CCC(Nc2nc(Nc3cc(Cl)cc(Cl)c3)c3ccccc3n2)CC1,CHEMBL283383,None
COc1ccccc1CNc1ccc2ncnc(Nc3cccc(Br)c3)c2c1,CHEMBL1928709,None
O=C(Nc1ccc2ncnc(Nc3cccc(Cl)c3)c2c1)C1COc2ccccc2O1,CHEMBL2070196,None
COC(=O)CCN1CCOC(COc2cc3ncnc(Nc4ccc(Cl)c(Cl)c4)c3cc2OC)C1,CHEMBL3978177,None
CCN(CC)C1CCC(Nc2nc(Nc3cccc(Br)c3)c3ccccc3n2)CC1,CHEMBL428526,None
O=C(CN1CCCC1)Nc1ccc2ncnc(Nc3ccc(Cl)c(C(F)(F)F)c3)c2c1,CHEMBL4160686,None
COc1cc2c(Nc3ccc(F)c(Cl)c3F)ncnc2cc1OCC1CN(C)C(C)(C)CO1,CHEMBL3895129,None
Fc1ccccc1COc1ccc(Nc2ncnc3ccc(-c4nnc(C(F)(F)F)o4)cc23)cc1Cl,CHEMBL527930,None
CCc1cc(Br)ccc1Nc1ncnc2cc(OC)c(OCCCN3CCNCCNCCNCC3)cc12,CHEMBL4462514,None
COCCOc1cc2c(Nc3cccc(-c4csc(C)n4)c3)ncnc2cc1OC,CHEMBL127249,None
COc1cc2ncnc(Nc3ccc(Br)c(Br)c3)c2cc1OC,CHEMBL327307,None
Clc1cccc(Nc2nc(Nc3cn[nH]c3)nc3ccccc23)c1,CHEMBL4583672,None
O=C(O)c1ccc(Nc2nc(Nc3ccc(Oc4ccccc4)cc3)nc3ccc([N+](=O)[O-])cc23)cc1,CHEMBL1774777,None
COc1cc2c(Nc3ccc(Cl)c(Cl)c3)ncnc2cc1OCc1noc(C2CCCN2C)n1,CHEMBL3956056,None
CC(C)(C)c1cc(NC(=O)Nc2ccc(Nc3ncnc4ccc(N)cc34)cc2)n(-c2cccc(N)c2)n1,CHEMBL2403815,None
C=CC(=O)N1CCC(Oc2cc3c(Nc4ccc(Br)c(F)c4)ncnc3cc2OC)CC1,CHEMBL3902395,None
CCOC(=O)Nc1cc(Cl)c(Nc2ncnc3cc(OC)c(OC)cc23)cc1Cl,CHEMBL3302952,None
C=Cc1ccc(-c2ccc3ncnc(Nc4ccc(CC#N)cc4)c3c2)cc1,CHEMBL3942049,None
COc1cc2ncnc(Nc3cccc(Cl)c3F)c2cc1CN1C[C@H](OC)C[C@@H]1C(N)=O,CHEMBL207235,None
COCCN1CCN(c2cc3ncnc(Nc4ccc(F)c(Cl)c4)c3cc2F)CC1,CHEMBL4461895,None
CN(C)c1ccc(-c2ccc3ncnc(Nc4cccc5[nH]ncc45)c3c2)cc1,CHEMBL3661266,None
CCOc1cc2ncnc(Nc3ccccc3F)c2cc1OCC,CHEMBL225199,None
O=C(CBr)OCCn1c(=O)oc2cc3ncnc(Nc4ccc(N5CCOCC5)c(Cl)c4)c3cc21,CHEMBL3965948,None
COc1ccc(-c2nc(COc3cc4ncnc(Nc5ccc(Cl)c(Cl)c5)c4cc3OC)no2)cc1,CHEMBL3985840,None
CC(=O)c1ccc(-c2ccc3ncnc(Nc4ccc(CC#N)cc4)c3c2)cc1,CHEMBL3890572,None
Cc1cccc(N(C)c2ncnc3cc(C)c(C)cc23)c1,CHEMBL1195437,None
Cn1ccc2cc3c(Nc4cccc(Br)c4)ncnc3cc21,CHEMBL36727,None
O=S(=O)(CCNCc1ccc(-c2ccc3ncnc(Nc4ccc(OCc5cccc(F)c5)c(C(F)(F)F)c4)c3c2)o1)c1ccccn1,CHEMBL214023,None
COc1cc2c(Nc3ccc(Br)c(Cl)c3F)ncnc2cc1OC[C@@H]1CN2CCOC[C@H]2CO1,CHEMBL3928396,None
CCNC(=O)Nc1cc(Cl)c(Nc2ncnc3cc(OC)c(OC)cc23)cc1Cl,CHEMBL3302608,None
O=c1oc2cc3ncnc(Nc4ccc(F)c(Cl)c4)c3cc2n1CCCN1CCOCC1,CHEMBL2064372,None
CC(=O)c1cccc(Nc2nc(-c3ccccc3Cl)nc3ccccc23)c1,CHEMBL1593306,None
CCOc1ccc2nc(-c3cccc(OCC(=O)NC(C)C)c3)nc(Nc3ccc(-c4cn[nH]c4)cc3)c2c1,CHEMBL4648818,None
CN(CCCl)C(=O)Nc1ccc2ncnc(Nc3cccc(Br)c3)c2c1,CHEMBL379047,None
Cc1cc(Cl)ccc1Nc1nc(N(C)c2ccccc2)c2ccccc2n1,CHEMBL327983,None
Clc1ccc2nc(NCCc3c[nH]c4ccccc34)nc(Nc3ccc4[nH]ncc4c3)c2c1,CHEMBL4087295,None
C[N+](C)(C/C=C/C(=O)Nc1ccc2ncnc(Nc3cccc(Br)c3)c2c1)Cc1ccc([N+](=O)[O-])cc1.[Br-],CHEMBL4439982,None
COc1ccc(Nc2nc(N3CCN(C)CC3)nc3ccccc23)c(OC)c1,CHEMBL522504,None
COc1ccc(Nc2ncnc3cc(OCCCN4CCOCC4)c(OC)cc23)cc1,CHEMBL353901,None
Cl.c1cc(Nc2ncnc3cc4c(cc23)OCCO4)cc(-c2ccc[nH]2)c1,CHEMBL3297959,None
COc1ccc(Nc2nc(Nc3ccc(OC)c(OC)c3)c3cc(OC)c(OC)cc3n2)cc1OC,CHEMBL3092501,None
CN(C)C/C=C/C(=O)Nc1cc2c(N3CCc4ccccc43)ncnc2cc1O[C@@H]1CCOC1,CHEMBL4168254,None
COc1cc2ncnc(Nc3ccc(Cl)c(C(F)(F)F)c3)c2cc1OCCCN1CCNCCNCCNCC1,CHEMBL4447003,None
C=CC(=O)Nc1cc2c(Nc3ccc(Br)c(Cl)c3F)ncnc2cc1OCCNC(=O)N1CCOCC1,CHEMBL3671514,None
COc1cc(Nc2ncnc3ccc(-c4ccc(CN5CC6C(CO)C6C5)cc4)cc23)ccc1Oc1ccccc1,CHEMBL1999749,None
C=CC(=O)Nc1cc2c(Nc3ccc(Br)c(Cl)c3F)ncnc2cc1OCCNC(=S)NCC,CHEMBL3676386,None
C=CC(=O)Nc1ccc2ncnc(Nc3ccc(S(N)(=O)=O)cc3)c2c1,CHEMBL3133910,None
NC(=O)c1cccc2c(Nc3ccc(NC(=O)c4ccccc4)cc3)ncnc12,CHEMBL3675332,None
O=C(Nc1ccc(Cl)c(Cl)c1)Nc1ccc2ncnc(Nc3ccc(Cl)cc3)c2c1,CHEMBL466598,None
C#Cc1cccc(Nc2ncnc3cc(OCC)c(NC(=O)/C=C/CNC4CC4)cc23)c1,CHEMBL3622678,None
COc1ccc(Nc2ncnc3ccc([N+](=O)[O-])cc23)cc1,CHEMBL3759269,None
COc1cc2ncnc(Nc3cc(O)ccc3F)c2cc1OC,CHEMBL3774904,None
COc1cc2ncnc(Nc3cccc(Br)c3)c2cc1OCCCN1CCNCCNCC1,CHEMBL4519183,None
CC(C)[C@H](N)C(=O)OCCOc1cc2ncnc(Nc3ccc4scnc4c3)c2cc1S(=O)(=O)C(C)(C)C,CHEMBL4469284,None
COc1cc2nc(Nc3ccc4c(cnn4Cc4ccccc4)c3)nc(Nc3ccc4c(cnn4Cc4ccccc4)c3)c2cc1OC,CHEMBL581564,None
COc1ccc(Nc2nc(-c3ccccc3)nc3ccc([N+](=O)[O-])cc23)cc1OC,CHEMBL4171017,None
O=C(/C=C/CN1CCCC1)N1CCCOc2cc3ncnc(Nc4ccc(F)c(Cl)c4)c3cc21,CHEMBL4435619,None
Fc1ccc(Nc2ncnc3ccccc23)cc1Cl,CHEMBL1688539,None
COc1ccc(Nc2nc(-c3ccccc3)nc3ccccc23)cc1.Cl,CHEMBL1346541,None
COc1ccc(N(C)c2nc(CCl)nc3ccccc23)cc1,CHEMBL492724,None
Cc1cccc(Nc2ncnc3ccc(N(C)C(=O)N(CCCl)N=O)cc23)c1,CHEMBL209818,None
C#Cc1cccc(Nc2ncnc3cc4oc(=O)n(CCOC(=O)CBr)c4cc23)c1,CHEMBL3910361,None
COc1cc2c(Nc3ccc(NC(=O)c4ccc(C)cc4)cc3)ncnc2cc1OCCCN1CCN(C)CC1,CHEMBL3758585,None
Fc1ccc(Nc2nc(-c3ccccc3)nc3ccccc23)cc1,CHEMBL4564993,None
Cc1ccccc1-c1ccc2ncnc(Nc3ccc(CC#N)cc3)c2c1,CHEMBL3966044,None
Cc1ccc2nc(N3CCN(C)CC3)nc(Nc3cccc(NC(=O)c4ccc(F)cc4)c3C)c2c1,CHEMBL3933103,None
C[C@H](NC(=O)[C@@H](C)Oc1cc(F)ccc1Nc1ncnc2cc(N=S(C)(C)=O)cc(F)c12)C(F)(F)F,CHEMBL4110890,None
CCC(=O)Nc1cc2c(Nc3ccc(Oc4ccc5c(c4)OCO5)cc3)ncnc2cc1OC,CHEMBL3916644,None
Cc1nc(N(C)c2ccc(OCCCC(=O)NO)cc2)c2ccccc2n1,CHEMBL3775662,None
C[C@@H](Oc1cc(F)ccc1Nc1ncnc2cc(N=S(C)(C)=O)cc(Cl)c12)C(=O)NCC#N,CHEMBL4111795,None
Cl.FC(F)(F)c1cc(Nc2ncnc3ccc(Br)cc23)ccc1OCc1ccccc1,CHEMBL547943,None
O=C1N=C(N2CCC[C@H]2C(=O)Nc2ccc3ncnc(Nc4cccc(Cl)c4)c3c2)S/C1=C/c1ccccc1[N+](=O)[O-],CHEMBL3586187,None
COc1cccc(/C=C/C(=O)Nc2ccc3ncnc(Nc4cccc(Br)c4)c3c2)c1,CHEMBL1812556,None
FC(F)(F)c1ccc(CSc2nc(Nc3ccccc3Cl)c3ccccc3n2)cc1,CHEMBL4453702,None
COc1cc2ncnc(Nc3ccc(F)c(Cl)c3)c2cc1OCCCN1CCN(CCC(=O)NCCCCCCCCOc2cccc3c2C(=O)N(C2CCC(=O)NC2=O)C3=O)CC1,CHEMBL4544574,None
COc1cc(OC)c(Nc2ncnc3ccc([N+](=O)[O-])cc23)cc1Cl,CHEMBL3760036,None
COc1cc(N=S(C)(C)=O)cc2ncnc(Nc3ccc(F)cc3O[C@H](C)C(=O)NCC(F)(F)F)c12,CHEMBL4111024,None
Brc1cccc(Nc2ncnc3ccc(NCc4ccc5c(c4)OCO5)cc23)c1,CHEMBL2070197,None
CCOc1cc2ncnc(Nc3cccc(-c4nc(C)cs4)c3)c2cc1OCC,CHEMBL129592,None
COc1ccc(N(C)c2nc(CF)nc3ccccc23)cc1,CHEMBL522491,None
CCOc1cc2nc(-n3ccnc3)nc(Nc3cccc(-c4csc(C)n4)c3)c2cc1OCC,CHEMBL2088848,None
COc1cc(Nc2ncnc3cc(OC)c(OC)cc23)cc(OC)c1,CHEMBL1192428,None
CCOC(=O)c1cc2cc(Nc3ncnc4cc(OCCCN5CCN(c6ccccc6)CC5)c(OC)cc34)ccc2s1,CHEMBL1163247,None
O=C(/C=C/CN1CCCC1)N1CCOc2cc3ncnc(Nc4ccc(OCc5cccc(F)c5)c(Cl)c4)c3cc21,CHEMBL4635100,None
CS(=O)(=O)CCNCCCCOc1ccc2ncnc(Nc3ccc(OCc4cccc(F)c4)c(Cl)c3)c2c1,CHEMBL514436,None
CCOc1cc2nc(CCl)nc(Nc3cccc(Br)c3)c2cc1OCC,CHEMBL67906,None
O=C(/C=C/CN1CCCCC1)Nc1cc2c(Nc3ccc(F)c(Cl)c3)ncnc2cc1O[C@H]1CCOC1,CHEMBL3622650,None
COc1cc2c(Nc3cccc(C(F)(F)F)c3)ncnc2c(OC)c1OC,CHEMBL4127990,None
CC(=O)Nc1ccc(Nc2ncnc3cc4oc(=O)n(CCCN5CCOCC5)c4cc23)cc1,CHEMBL2062545,None
COc1cc(Nc2ncnc3c(NC(=O)Nc4ccc(F)cc4C(F)(F)F)cccc23)cc(OC)c1,CHEMBL3912014,None
O=C(CCCCCn1cc(-c2ccc3ncnc(Nc4ccc(OCc5cccc(F)c5)c(Cl)c4)c3c2)nn1)NO,CHEMBL3964033,None
CN(c1cccc([N+](=O)[O-])c1)c1nc(-c2ccccc2)nc2ccccc12,CHEMBL4464779,None
Cc1ccc(Nc2nc(-c3ccccc3)nc3ccccc23)cc1,CHEMBL1534709,None
COc1cc2nc(N3CCN(C)CC3)nc(Nc3ccccc3)c2cc1OC,CHEMBL4281113,None
COc1cc2c(Nc3ccc(Cl)c(Cl)c3)ncnc2cc1OCC1CN(S(C)(=O)=O)CCO1,CHEMBL3892030,None
CC(C)CCOC(=O)c1nc(Nc2cc(Oc3ccccc3)cc([N+](=O)[O-])c2)c2ccccc2n1,CHEMBL3337569,None
COc1ccc(/C=C/C(=O)c2ccc(Nc3nc(-c4ccc(OC)c(OC)c4)nc4ccccc34)cc2)cc1OC,CHEMBL3809529,None
COc1cc2ncnc(N3CCCc4ccccc43)c2cc1NC(=O)/C=C/CN1CCCC1,CHEMBL4173430,None
CCN1CCC[C@H]1c1nc(COc2cc3ncnc(Nc4ccc(Cl)c(Cl)c4)c3cc2OC)cs1,CHEMBL3910064,None
C=CC(=O)N1CCC(Oc2cc3c(Nc4cccc(N(C)C)c4)ncnc3cc2OC)CC1,CHEMBL3939726,None
Clc1cc(Nc2ncnc3cccc(OC4CCOCC4)c23)ccc1OCc1ccccn1,CHEMBL193578,None
COc1cc2ncnc(Nc3ccc(F)c(Cl)c3)c2cc1OC,CHEMBL301018,None
CNCCOc1cc2c(Nc3ccc(F)c(Cl)c3)ncnc2cc1OC,CHEMBL293090,None
Cc1ccccc1Nc1nc(NCc2ccccc2)nc2ccccc12,CHEMBL92450,None
CCC(=O)Nc1cc2c(Nc3ccc(OCc4ccncc4)cc3)ncnc2cc1OC,CHEMBL3964581,None
C=CC(=O)Nc1cc2c(Nc3cc(OC)c(Cl)cc3OC)ncnc2cc1OCCNC(=O)CN(C)C,CHEMBL3676382,None
COc1cc2nc([S+]([O-])CC(=O)Nc3ccc(S(N)(=O)=O)cc3)nc(Nc3c(Cl)cc(/C=C/C#N)cc3Cl)c2cc1OC,CHEMBL4446106,None
COc1cc(-c2ccc3ncnc(Nc4ccccc4C(N)=O)c3c2)ccc1O,CHEMBL3661219,None
CCOc1cc2ncnc(Nc3ccc(OCc4cccc(F)c4)c(Cl)c3)c2cc1NC(=O)[C@@H]1COC(=O)N1,CHEMBL3818115,None
COc1cc2ncnc(Nc3ccc4cn[nH]c4c3)c2cc1OC,CHEMBL3800021,None
CC(=O)Nc1ccc(-c2ccc3ncnc(Nc4cccc5[nH]ncc45)c3c2)cc1,CHEMBL3661248,None
CN1CCN(C(=S)SCCCOc2ccc3ncnc(Nc4ccc(F)c(Cl)c4)c3c2)CC1,CHEMBL1778035,None
COc1cc2ncnc(Nc3ccc(F)c(Cl)c3)c2cc1OCCCN1CCN(CCC(=O)NCCCCCCNc2cccc3c2C(=O)N(C2CCC(=O)NC2=O)C3=O)CC1,CHEMBL4473608,None
COc1ccccc1Nc1nc(-c2cccc([N+](=O)[O-])c2)nc2ccccc12,CHEMBL1467788,None
Cc1nc(N(C)c2ccc([Se]C#N)cc2)c2ccccc2n1,CHEMBL4073184,None
C#Cc1cccc(Nc2ncnc3ccccc23)c1,CHEMBL4571565,None
O=C(CN1CCCC1)Nc1ccc2ncnc(Nc3cccc(Br)c3)c2c1,CHEMBL4173990,None
OCc1ccc(-c2ccc3ncnc(Nc4ccc(OCc5cccc(F)c5)c(Cl)c4)c3c2)o1,CHEMBL3542268,None
CCS(=O)(=O)Nc1cc(-c2ccc3ncnc(Nc4ccc(OC(F)(F)F)cc4)c3c2)cnc1OC,CHEMBL4214421,None
COc1ccc(N(c2nc(Cl)nc3ccccc23)C2CCCCC2)cc1,CHEMBL3933661,None
C=CC(=O)Nc1cc2c(Nc3ccc(Br)cc3F)ncnc2cc1OCCNC(=O)NC(C)C,CHEMBL3671510,None
COc1cc2ncnc(Nc3c(F)cc(F)cc3Br)c2c(OC)c1OC,CHEMBL2409837,None
Cl.Fc1cccc(COc2ccc(Nc3ncnc4ccc(-c5nnc(C(F)(F)F)o5)cc34)cc2Cl)c1,CHEMBL532895,None
COc1cc(-c2ccc3ncnc(Nc4ccc5nc[nH]c5c4)c3c2)ccc1O,CHEMBL3661235,None
Cl.FC(F)(F)c1cccc(Nc2ncnc3cc4c(cc23)OCCO4)c1,CHEMBL602493,None
COc1ccc(N(C)c2nc(C)nc3ccccc23)cc1OCCCC(=O)NO,CHEMBL3774414,None
CCOc1cc2nc(Cn3ccnc3)nc(Nc3cccc(-c4csc(C)n4)c3)c2cc1OCC,CHEMBL127647,None
NC(=O)c1ccc(Nc2nc(-c3cccnc3)nc3ccccc23)cc1,CHEMBL4544744,None
COCC(=O)NCC#Cc1ccc2ncnc(Nc3ccc(Oc4ccc(C(=O)N(C)C)cc4)c(C)c3)c2c1,CHEMBL230893,None
COc1cc2ncnc(Nc3cccc(Cl)c3)c2cc1OC.Cn1nnc2c(C(O)O)ncn2c1=O,CHEMBL152739,None
COc1cc(-c2ccc3ncnc(Nc4cc(O)ccc4C)c3c2)ccc1O,CHEMBL3661316,None
C=CC(=O)N1CC[C@H](Oc2cc3c(Nc4ccc(F)c(Cl)c4F)ncnc3cc2OC)C[C@H]1C(=O)NC,CHEMBL3926393,None
Clc1ccc2c(Nc3ccccc3)ncnc2c1,CHEMBL554117,None
COc1ccccc1Nc1ncnc2ccccc12,CHEMBL1384010,None
COc1cc2c(Nc3ccc(Cl)c(Cl)c3)ncnc2cc1OCc1noc(C2CCCNC2)n1,CHEMBL3985163,None
C[C@@H](Oc1cc(F)ccc1Nc1ncnc2cc(N=S(C)(C)=O)cc(F)c12)C(=O)NCC(F)(F)F,CHEMBL4113312,None
COc1cc2nc(N3CCC(N4CCOC(CO)C4)CC3)nc(Nc3ccc(Cl)cc3)c2cc1OC,CHEMBL496787,None
CCOC(=O)CCCn1c(=O)oc2cc3ncnc(Nc4ccc(O)cc4)c3cc21,CHEMBL3612594,None
O=C(CCl)OCCn1c(=O)oc2cc3ncnc(Nc4ccc(Oc5cccc(C(F)(F)F)c5)c(Cl)c4)c3cc21,CHEMBL3930270,None
C=CC(=O)Nc1cc2c(Nc3ccc(Br)cc3F)ncnc2cc1OCCNC(=O)CN1CCCC1,CHEMBL3671576,None
COC(=O)/C=C/C(=O)N1CCC(Oc2cc3c(Nc4ccc(F)c(Cl)c4F)ncnc3cc2OC)CC1,CHEMBL3917422,None
Cc1cc(N=S(C)(C)=O)cc2ncnc(Nc3ccc(F)cc3OC(C)Cn3ccnc3C)c12,CHEMBL3951454,None
Cc1cc(N=S2(=O)CCCC2)cc2ncnc(Nc3ccc(F)cc3O[C@H](C)C(=O)N[C@H]3CCOC3)c12,CHEMBL4110477,None
COc1cc2c(Nc3ccc(NC(=O)[C@H](c4ccccc4)N4Cc5ccccc5C4=O)cc3F)ncnc2cc1OCC1CCN(C)CC1,CHEMBL4465497,None
N#Cc1cccc(Nc2nc(-c3ccccc3)nc3ccccc23)c1,CHEMBL2158558,None
COc1cc2ncnc(Nc3ccc4c(c3)CCCN4C(=O)Nc3ccc(C(C)=O)cc3)c2cc1OC,CHEMBL4548316,None
N#Cc1cccc(NC(=S)Nc2ccc3ncnc(Nc4ccccc4)c3c2)c1,CHEMBL577263,None
CC/C=C/C(=O)Nc1cc2c(N3CCCc4ccccc43)ncnc2cc1OC,CHEMBL4159881,None
COc1cc2c(Nc3cccc4[nH]ccc34)ncnc2cc1OCCCN1CCOCC1,CHEMBL171003,None
COC(=O)CCC(=O)N1CCN(CCCOc2cc3c(Nc4ccc(F)c(Cl)c4)ncnc3cc2OC)CC1,CHEMBL3337921,None
CN(C)CCCC(=O)Nc1ccc2ncnc(Nc3cccc(Br)c3)c2c1,CHEMBL1088901,None
CN(c1ccccc1)c1nc(N(C)c2ccccc2)c2ccccc2n1,CHEMBL92968,None
O=S(=O)(c1cccc(-c2ccc3ncnc(Nc4ccc(OCc5cccc(F)c5)c(Cl)c4)c3c2)c1)N1CCCCC1,CHEMBL2347535,None
Fc1cccc(COc2ccc(Nc3ncnc4ccc(-c5ccc(CN6CCCCC6)cc5)cc34)cc2Cl)c1,CHEMBL2347522,None
Cc1cc(N=S2(=O)CCC2)cc2ncnc(Nc3ccc(F)cc3O[C@H](C)C(=O)NC(C(F)(F)F)C(F)(F)F)c12,CHEMBL4108347,None
C=CC(=O)N(c1cc(F)c(F)cc1F)c1ncnc2cc(OC)c(OCCCN3CCOCC3)cc12,CHEMBL4439066,None
COc1cc2ncnc(Nc3cccc(N)c3)c2cc1OC,CHEMBL3220401,None
COc1cc2c(Nc3ccc(OCc4cccc(F)c4)c(Cl)c3)ncnc2cc1OCCCCn1ccnc1[N+](=O)[O-],CHEMBL3360613,None
O=C(Nc1ccc(Cl)c(Cl)c1)Nc1ccc2ncnc(Nc3ccccc3)c2c1,CHEMBL468264,None
COc1cc2ncnc(Nc3ccc(Cl)cc3)c2cc1OCCCCC(=O)NO,CHEMBL3758489,None
O=C(O)c1cccc(Nc2ncnc3ccccc23)c1,CHEMBL1449701,None
C=CC(=O)Nc1cc2c(Nc3ccc(Br)cc3F)ncnc2cc1OCC1CCN(C(=O)CN(C)C)CC1,CHEMBL3671484,None
C#Cc1cccc(Nc2ncnc3cc(OC)c(OCCCC(=O)NO)cc23)c1,CHEMBL3941197,None
COc1cc2ncnc(Nc3ccc4occc4c3)c2cc1OCCCCCCC(=O)NO,CHEMBL3937516,None
COc1ccccc1Nc1nc(Cl)nc2ccccc12,CHEMBL3943700,None
O=C(/C=C/CN1CCCCC1)N1CCOc2cc3ncnc(Nc4ccc(F)c(Cl)c4)c3cc21,CHEMBL4445017,None
CCOC(=O)c1cccc(Nc2nc(-c3ccncc3)nc3ccccc23)c1,CHEMBL3770941,None
Cc1ccccc1Nc1nc(N(C)c2ccccc2)c2cc(O)ccc2n1,CHEMBL330247,None
Cc1ccc(S(=O)(=O)Cc2nc(Nc3cccc(Br)c3)c3ccccc3n2)cc1,CHEMBL576929,None
COc1cc2nc([S+]([O-])CC(=O)Nc3ccccc3C(F)(F)F)nc(Nc3c(Cl)cc(/C=C/C#N)cc3Cl)c2cc1OC,CHEMBL4454603,None
C=CCn1c(C)nc2ccc(Nc3nc(N4CCN(C)CC4)nc4ccccc34)cc21,CHEMBL2382219,None
CCOCCOc1cc2ncnc(Nc3ccc(F)c(Cl)c3)c2cc1NC(=O)/C=C/CN(CC)CC,CHEMBL4591886,None
COc1cc2c(Nc3ccc(Br)cc3F)ncnc2cc1OC/C=C/CN1CCCC1.Cl,CHEMBL1202478,None
CN(C)/C=C/C(=O)Nc1ccc2ncnc(Nc3cccc(Br)c3)c2c1,CHEMBL91748,None
CS(=O)(=O)N1CCN(Cc2ccc(-c3ccc4ncnc(Nc5ccc(OCc6cccc(F)c6)c(Cl)c5)c4c3)o2)CC1.Cc1ccc(S(=O)(=O)O)cc1,CHEMBL3436358,None
CCCc1nc(Nc2cccc(-c3csc(C)n3)c2)c2cc(OCC)c(OCC)cc2n1,CHEMBL125527,None
Cc1cccc(Nc2ncnc3ccccc23)c1,CHEMBL441083,None
O=C(CCl)Nc1ccc2ncnc(Nc3cccc(Br)c3)c2c1,CHEMBL193159,None
COc1cccc(Nc2ncnc3ccc(NC(=S)Nc4ccc(Cl)cc4)cc23)c1,CHEMBL576640,None
O=C(/C=C/c1ccccc1[N+](=O)[O-])Nc1cc2c(Nc3ccc(F)c(Cl)c3)ncnc2cc1O[C@H]1CCOC1,CHEMBL3763988,None
CCN(CC)CCOc1cc2c(Nc3ccc(F)c(Cl)c3)ncnc2cc1OC,CHEMBL293064,None
ClC(Cl)(Cl)c1nc(Nc2ccc(Br)cc2Br)c2ccccc2n1,CHEMBL3969652,None
C/C=C/c1ccc(Nc2ncnc3cc(N4CCN(CCOC)CC4)c(F)cc23)cc1,CHEMBL4550134,None
CCCN1CCCOC(COc2cc3ncnc(Nc4ccc(Cl)c(Cl)c4)c3cc2OC)C1,CHEMBL3914599,None
O=C(/C=C/CN1CCOCC1)N1CCCOc2cc3ncnc(Nc4ccc(F)c(Cl)c4)c3cc21,CHEMBL4569513,None
Cc1cc(N=S2(=O)CCCC2)cc2ncnc(Nc3ccc(F)cc3O[C@H](C)C(N)=O)c12,CHEMBL4108717,None
CC(NC(=O)[C@@H](C)Oc1cc(F)ccc1Nc1ncnc2cc(N=S3(=O)CCC3)cc(F)c12)C(F)F,CHEMBL4112102,None
COc1cc2c(Nc3ccc(NC(=O)c4cccc(Cl)c4)cc3)ncnc2cc1OCCN1CCCCC1,CHEMBL3759848,None
COC(=N)c1nc2ccc3ncnc(Nc4ccc(N(C)C)cc4)c3c2s1,CHEMBL2386768,None
COc1cccc(Nc2ncnc3cc4c(cc23)N(CCCN2CCOCC2)C(=O)CO4)c1,CHEMBL3774910,None
COc1ccc2nc(Nc3ccccc3C)nc(N(C)c3ccccc3)c2c1,CHEMBL92850,None
CCOC(=O)c1cc2cc(Nc3ncnc4cc(OC)c(OCCCN5CCN(C)CC5)cc34)ccc2s1,CHEMBL1163731,None
Clc1cccc(Nc2ncnc3ccc(NCc4cccnc4)cc23)c1,CHEMBL2424806,None
C/C=C/c1ccc(Nc2ncnc3ccc(OCCCN4CCOCC4)cc23)cc1,CHEMBL4203731,None
Cc1ccc(Nc2nc(-c3ccncc3)nc3ccccc23)cc1,CHEMBL1429854,None
O=C(CN1CCOCC1)Nc1ccc2ncnc(Nc3ccc(Cl)c(C(F)(F)F)c3)c2c1,CHEMBL4164089,None
COc1cc2ncnc(Nc3cccc(Cl)c3F)c2cc1C(=O)N1CCOCC1,CHEMBL3623280,None
O=C(O)c1nc(Nc2cc(Oc3ccccc3Br)cc([N+](=O)[O-])c2)c2ccccc2n1,CHEMBL3337564,None
O=C(Nc1ccc2ncnc(Nc3cccc(Cl)c3)c2c1)C1CCCCC1,CHEMBL4063301,None
C#Cc1cccc(Nc2ncnc3ccc(-c4ccc(CO)o4)cc23)c1,CHEMBL4089347,None
CN(C)CCCNC(=O)Nc1cc2c(Nc3ccc(F)c(Cl)c3)ncnc2cc1O[C@H]1CCOC1,CHEMBL3092313,None
COc1ccc(-c2nc(Nc3ccc(OC)c(OC)c3)c3ccccc3n2)cc1,CHEMBL4159635,None
Fc1ccc2nc(-c3ccccc3)nc(Nc3ccccc3)c2c1,CHEMBL1818161,None
CCC(=O)Nc1cc2c(Nc3ccc4c(cnn4Cc4ccccn4)c3)ncnc2cc1OC,CHEMBL3919183,None
COc1cc(-c2ccc3ncnc(Nc4ccc(Cl)cc4O)c3c2)ccc1O,CHEMBL3661211,None
COc1ccc(Nc2nc(SCc3ccc(C(F)(F)F)cc3)nc3ccccc23)c(OC)c1,CHEMBL4545463,None
COc1ccc2c(c1)C(=O)NCCN2c1nc(C)nc2ccccc12,CHEMBL4455655,None
COc1ccc(Nc2ncnc3ccc(C)cc23)cc1,CHEMBL1528507,None
COCCOc1cc2ncnc(Nc3ccc(F)c(Cl)c3)c2c2c1OCCO2,CHEMBL3806110,None
COc1ccc2ncnc(Nc3ccccc3)c2c1.Cl,CHEMBL539102,None
Clc1cc(Nc2ncnc3ccc(NC4=NC[C@@H](COc5ccccc5)O4)cc23)ccc1OCc1nccs1,CHEMBL3397276,None
Oc1ccc(Cl)cc1Nc1nc(C(F)(F)F)nc2ccccc12,CHEMBL532291,None
COc1cc2ncnc(Nc3cccc(Br)c3)c2cc1NC(=O)/C(F)=C\CN(C)C,CHEMBL3357655,None
O=S(=O)(c1ccc(-c2ccc3ncnc(Nc4ccccc4)c3c2)cc1)N1CCOCC1,CHEMBL2347555,None
COC(=O)CCCCCC(=O)N1CCN(CCCOc2cc3c(Nc4ccc(F)c(Cl)c4)ncnc3cc2OC)CC1,CHEMBL3337924,None
C=CC(=O)N1CCC[C@H](C(=O)Nc2ccc3ncnc(Nc4ccc(OCc5ccccc5)c(Cl)c4)c3c2)C1,CHEMBL568266,None
COc1ccc(/C=C/C(=O)Nc2cc3c(Nc4ccc(F)c(Cl)c4)ncnc3cc2O[C@H]2CCOC2)cc1,CHEMBL3763360,None
Cc1ccc(N(C)c2nc(Cl)nc3ccccc23)cc1,CHEMBL442575,None
Clc1cccc(Nc2ncnc3ccc(NCc4c[nH]c5ccccc45)cc23)c1,CHEMBL2424797,None
COc1cc(OC2CCOC2)c2c(Nc3ccc(F)c(Cl)c3)ncnc2c1,CHEMBL204268,None
COc1cc(Nc2nc(-c3ccccc3)nc3ccccc23)ccc1Br,CHEMBL4558657,None
COc1cc2ncnc(Nc3ccc(F)c(Cl)c3)c2cc1OCCCOc1ccc(C(=O)NO)cc1,CHEMBL3982861,None
OCCN1CCN(c2nc(Nc3ccc(I)cc3)c3ccccc3n2)CC1,CHEMBL3609161,None
COc1cc2c(Nc3cccc(Br)c3F)ncnc2c(OC)c1OC,CHEMBL4126606,None
COc1cc2c(Nc3cccc(Cl)c3F)ncnc2cc1OCC1CN(C)CCO1,CHEMBL3953937,None
O=C(CCCCCOc1ccc2ncnc(Nc3ccc(F)c(Cl)c3)c2c1)NO,CHEMBL3928963,None
Nc1ccc2nc(-c3cccc(C(F)(F)F)c3)nc(Nc3cccc(O)c3)c2c1,CHEMBL4173540,None
CCN(CC)CCNC(=N)c1nc2ccc3ncnc(Nc4ccc5c(c4)OCO5)c3c2s1,CHEMBL3987173,None
CC1(C)CC(C(=O)Nc2ccc3ncnc(Nc4cccc(Cl)c4)c3c2)CC(C)(C)N1[O],CHEMBL1947125,None
N=C(NCc1ccncc1)c1nc2ccc3ncnc(Nc4ccc(Br)cc4F)c3c2s1,CHEMBL3986536,None
COc1cc2c(Nc3ccc(NC(=O)c4ccccc4Cl)cc3)ncnc2cc1OCc1ccccc1,CHEMBL3759203,None
COc1ccc(-c2ccc3ncnc(Nc4cccc5[nH]ncc45)c3c2)cc1C=O,CHEMBL3661274,None
CCN(CC)CCCC(C)Nc1nc(Nc2cc(Cl)cc(Cl)c2)c2ccccc2n1,CHEMBL417307,None
COc1cc2c(Nc3ccc(Cl)c(Cl)c3)ncnc2cc1OCc1csc(COC(=O)c2ccccc2)n1,CHEMBL3900567,None
COc1cc2ncnc(Nc3ccc(NC(C)=O)c(C)c3)c2cc1OC.Cl,CHEMBL3221263,None
COc1cc2ncnc(Nc3ccccc3Cl)c2cc1OCCCCC(=O)NO,CHEMBL3759853,None
Fc1ccc(Nc2nc(-c3ccccc3)nc3ccccc23)cc1Cl,CHEMBL2158553,None
C=CC(=O)N1CCC(Oc2cc3c(Nc4cccc(CCl)c4)ncnc3cc2OC)CC1,CHEMBL3916751,None
CCOc1cc2nc(CN)nc(Nc3cccc(-c4csc(C)n4)c3)c2cc1OCC,CHEMBL127354,None
COc1cc2ncnc(Nc3ccc([18F])cc3)c2cc1OC,CHEMBL1774649,None
CS(=O)(=O)CCN(CC#N)Cc1ccc(-c2ccc3ncnc(Nc4ccc(OCc5cccc(F)c5)c(Cl)c4)c3c2)o1,CHEMBL384407,GW616030X
Brc1ccc2ncnc(Nc3ccc(N4CCOCC4)cc3)c2c1,CHEMBL1459296,None
CCCCc1nc(Cl)c(CO)n1CCCOc1cc2c(Nc3ccc(OC)cc3)ncnc2cc1OC,CHEMBL557644,None
CC(C)C[C@@H](NC(=O)OC(C)(C)C)C(=O)Nc1ccc2ncnc(Nc3ccc(F)c(Cl)c3)c2c1,CHEMBL4087241,None
COc1cc2ncnc(Nc3cccc(Cl)c3F)c2cc1CN1CC(C(N)=O)C1,CHEMBL207037,None
ClC(Cl)(Cl)c1nc(Nc2ccccc2)c2ccccc2n1,CHEMBL551727,None
C=CC(=O)Nc1cc2c(Nc3ccc(F)c(Cl)c3)ncnc2cc1OC,CHEMBL3883534,None
CCOC(=O)C(=CNc1ccc2ncnc(Nc3ccccc3Cl)c2c1)C(=O)OCC,CHEMBL2347226,None
COc1cc2c(Nc3ccc(Br)cc3)ncnc2cc1OCC1CN(C(=O)OC(C)(C)C)CCO1,CHEMBL3322976,None
O=C1N=C(N2CCC[C@H]2C(=O)Nc2ccc3ncnc(Nc4cccc(Cl)c4)c3c2)S/C1=C/c1cccc(Br)c1,CHEMBL3586184,None
Cl.Oc1cccc(Nc2nc(-c3ccccc3Cl)nc3ccccc23)c1,CHEMBL1487749,None
CCOC(=O)c1ccc(NC(=O)Nc2cccc3c(Nc4cc(OC)cc(OC)c4)ncnc23)cc1,CHEMBL3900062,None
COc1cc2ncnc(Nc3ccc4c(c3)CCC4)c2cc1OC.Cl,CHEMBL555797,None
CN(C)CCC(=O)Nc1cc2c(Nc3ccc(F)c(Cl)c3)ncnc2cc1OCCCN1CCOCC1,CHEMBL485303,None
FC(F)(F)c1cc(NC(=S)Nc2ccc3ncnc(Nc4cccc(Br)c4)c3c2)cc(C(F)(F)F)c1,CHEMBL4063757,None
COc1cc2c(Nc3ccc(Cl)c(Cl)c3)ncnc2cc1OCC1CN(CC(N)=O)CCO1,CHEMBL3916567,None
COc1cc2ncnc(Nc3ccc(C)c(Br)c3)c2cc1OC,CHEMBL1277434,None
C=CC(=O)Nc1cc2c(Nc3ccc(Br)cc3F)ncnc2cc1OCCCNCC(C)=O,CHEMBL3671554,None
COc1cc2c(Nc3ccc(Cl)cc3F)ncnc2cc1OCCn1ccnn1,CHEMBL357815,None
CN1CCC(COc2ccc3c(Nc4ccc(NC(=O)NC5CC5)cc4)ncnc3c2)CC1,CHEMBL1934324,None
Cc1cc(N=S2(=O)CCC2)cc2ncnc(Nc3ccc(Cl)cc3O[C@H](C)C(=O)N[C@@H](C)C(F)(F)F)c12,CHEMBL4111236,None
COC(=O)CCCCN1CCOC(COc2cc3ncnc(Nc4ccc(Cl)c(Cl)c4)c3cc2OC)C1,CHEMBL3979195,None
CCc1ccc(Nc2ncnc3ccc([N+](=O)[O-])cc23)cc1,CHEMBL3759644,None
COc1cc2ncnc(Nc3cccc(Cl)c3F)c2cc1CN(CCN(C)C)[C@@H](C)C(N)=O,CHEMBL376967,None
C=CC(=O)Nc1ccc2ncnc(Nc3ccc(F)c(Br)c3)c2c1,CHEMBL280757,None
COc1cc2c(Nc3c(F)ccc(O)c3C)ncnc2cc1OCCCN1CCCNCC1,CHEMBL3799971,None
CN[C@H]1CO[C@H]2[C@@H]1OC[C@@H]2Oc1cc2ncnc(Nc3ccc(Br)c(Cl)c3)c2cc1OC,CHEMBL3974328,None
COc1cc2c(Nc3cccc4c3OCCO4)ncnc2cc1OCCCN1CCOCC1,CHEMBL171423,None
COc1cc2c(Nc3ccc(Cl)c(Cl)c3)ncnc2cc1OCc1nc(CN2CCOCC2)no1,CHEMBL3944984,None
CCN(CC)C(=O)c1ccc(Nc2nc(C(F)(F)F)nc3ccccc23)cc1,CHEMBL4556725,None
COCCOc1cc2ncnc(Nc3c(Cl)ccc4c3OCO4)c2cc1NC(=O)[C@@H]1CCCN1,CHEMBL523122,None
S=C(Nc1ccc(Br)cc1)Nc1ccc2ncnc(Nc3cccc(Br)c3)c2c1,CHEMBL4088760,None
CN(C)CCC(=O)Nc1ccc2ncnc(Nc3ccc(F)c(Cl)c3)c2c1,CHEMBL3808905,None
COc1cc2c(Nc3ccc(Cl)c(Cl)c3)ncnc2cc1OCCN1C(=O)c2ccccc2C1=O,CHEMBL3909626,None
Cc1cc(F)ccc1Nc1nc(N(C)c2ccccc2)c2cc(OCCN(C)C)ccc2n1,CHEMBL93343,None
O=C(CN1CCOCC1)Nc1ccc2ncnc(Nc3ccc(OCc4cccc(F)c4)c(Cl)c3)c2c1,CHEMBL3637894,None
COc1cc2ncnc(Nc3ccc(F)c(Cl)c3)c2cc1B1OC(C)(C)C(C)(C)O1,CHEMBL3219503,None
Cc1cc(N=S2(=O)CCC2)cc2ncnc(Nc3ccc(F)cc3O[C@H](C)C(=O)NC34CC(C3)C4)c12,CHEMBL4114152,None
C=CC(=O)N1CCC[C@H]1C(=O)Nc1ccc2ncnc(Nc3ccc(OCc4ccccc4)c(Cl)c3)c2c1,CHEMBL571945,None
O=C(/C=C/c1cccs1)Nc1ccc2ncnc(Nc3cccc(Br)c3)c2c1,CHEMBL1812557,None
COc1cc(N=S2(=O)CCC2)cc2ncnc(Nc3ccc(F)cc3O[C@H](C)C(=O)NCC#N)c12,CHEMBL4109753,None
CSCCNCc1ccc(-c2ccc3ncnc(Nc4ccc(OCc5cccc(F)c5)c(Cl)c4)c3c2)o1,CHEMBL3040455,None
C[C@@H](Oc1cccc2ncnc(Nc3ccc(OCc4ccccn4)c(Cl)c3)c12)C(=O)N(C)C,CHEMBL428777,None
Clc1ccc2ncnc(Nc3cccc(Br)c3)c2c1,CHEMBL1075626,None
c1ccc(COc2cccc(Nc3ncnc4cc5c(cc34)OCCOCCOCCO5)c2)cc1,CHEMBL4517374,None
CNS(=O)(=O)c1ccc(OCC(F)(F)F)c(Nc2ncnc3cc(OC)c(OC)cc23)c1,CHEMBL3814635,None
O=C(Nc1cc2c(Nc3ccc(F)c(Cl)c3)ncnc2cc1O[C@H]1CCOC1)N1CCC(N2CCCC2)CC1,CHEMBL3092301,None
Oc1cc(Nc2ncnc3ccc(-c4ccc(Cl)cc4)cc23)c(F)cc1F,CHEMBL3665861,None
C[C@@H](C#N)NC(=O)[C@@H](C)Oc1cc(F)ccc1Nc1ncnc2cc(N=S3(=O)CCC3)cc(C(F)F)c12,CHEMBL3951911,None
N#Cc1ccc(Nc2nc(-c3cccnc3)nc3ccccc23)cc1,CHEMBL4081708,None
C=C(CN1CCOCC1)C(=O)N1CCC(Oc2cc3c(Nc4ccc(F)c(Cl)c4F)ncnc3cc2OC)CC1,CHEMBL3920112,None
CC(C)(Oc1cccc2ncnc(Nc3ccc(OCc4ccccn4)c(Cl)c3)c12)C(N)=O,CHEMBL518750,None
COc1cc2c(Nc3ccc(NC(=O)c4ccc(Cl)cc4)cc3)ncnc2cc1OCCCN1CCOCC1,CHEMBL3759754,None
O=C(Nc1ccc(CN2CCCC2)cc1)Nc1ccc2ncnc(Nc3cccc(C(F)(F)F)c3)c2c1,CHEMBL3740910,None
COc1cc2ncnc(N3CCc4ccccc43)c2cc1NC(=O)/C=C/CN1CCOCC1,CHEMBL4164812,None
C[C@H]1[C@H](OCCCCCOc2ccc3ncnc(Nc4ccc(F)c(Cl)c4)c3c2)O[C@@H]2O[C@@]3(C)CC[C@H]4[C@H](C)CC[C@@H]1[C@@]24OO3,CHEMBL4533121,None
CN(C)c1ccc(Nc2nc(-c3cccnc3)nc3ccccc23)cc1,CHEMBL602537,None
COc1cc(Nc2ncnc3ccc(-c4ccc(S(=O)(=O)N5CCOCC5)cc4)cc23)ccc1OCc1cccc(F)c1,CHEMBL2347532,None
C=CC(=O)Nc1cc2c(Nc3ccc(Br)cc3F)ncnc2cc1OCCNC(=O)CN1CC=CC1,CHEMBL3671577,None
Brc1cccc(Nc2ncnc3cc4c(cc23)OCCSCCO4)c1,CHEMBL2087357,None
Clc1ccc2ncnc(Nc3ccc([C@H]4CNCCO4)cc3)c2c1,CHEMBL3701949,None
CCOC(=O)CN(C)CC#Cc1ccc2ncnc(Nc3ccc(OCc4cccc(F)c4)c(Cl)c3)c2c1,CHEMBL4279771,None
COc1cc2c(Nc3ccc(NC(=O)Nc4ccc(Cl)cc4)c(Cl)c3)ncnc2cc1OCCCN1CCN(C)CC1,CHEMBL3962233,None
COc1cc2c(Nc3ccc(Cl)cc3F)ncnc2cc1OCCNC(=O)CCCCC1SCC2NC(=O)NC21,CHEMBL200085,None
COc1cc2ncnc(Nc3ccc(F)c(Cl)c3)c2cc1NC(=O)/C(F)=C/CN1CCCCC1,CHEMBL3357635,None
C=CC(=O)N1CCCC(Oc2cc3c(Nc4ccc(F)c(Cl)c4F)ncnc3cc2OC)C1,CHEMBL3958394,None
NC(=O)c1nc2ccc3ncnc(Nc4ccc(Cl)cc4Cl)c3c2s1,CHEMBL3940669,None
COc1cc2ncnc(Nc3cccc(NC(=O)Nc4cc(C(C)(C)C)on4)c3)c2cc1OC.Cl,CHEMBL1824298,None
C=CC(=O)Nc1cc2c(Nc3ccc(Br)cc3F)ncnc2cc1OCCNC(=O)C(F)(F)F,CHEMBL3671501,None
C[C@@H](NC(=O)OC(C)(C)C)C(=O)Nc1ccc2ncnc(Nc3ccc(F)c(Cl)c3)c2c1,CHEMBL4080555,None
COc1cc2c(Nc3c(F)ccc(O)c3C)ncnc2cc1OCCCN1CCCC1,CHEMBL3800542,None
O=C(/C=C/Cn1ccnc1)N1CCCOc2cc3ncnc(Nc4ccc(F)c(Cl)c4)c3cc21,CHEMBL4446326,None
CC(C)NC(=O)[C@@H](C)Oc1cc(F)ccc1Nc1ncnc2cc(N=S(C)(C)=O)cc(Cl)c12,CHEMBL4113568,None
COC(=O)c1ccc(Nc2ncnc3cc(OC)c(OC)cc23)cc1,CHEMBL3220400,None
COc1ccc(Nc2ncnc3ccc(NC(=O)Nc4ccc(Cl)cc4)cc23)cc1,CHEMBL513356,None
O=C(COc1cccc2ncnc(Nc3ccc4c(cnn4Cc4ccccn4)c3)c12)N1CCOCC1,CHEMBL402658,None
CCOc1cc2ncnc(Nc3cccc(-c4csc(NC)n4)c3)c2cc1OCC,CHEMBL443033,None
CCS(=O)(=O)Cc1ccc(Nc2nc(Nc3ccccc3)c3ccccc3n2)cc1,CHEMBL273811,None
COc1cc2ncnc(Nc3cc(OC)c(OC(C)(C)C)c(OC)c3)c2cc1OC,CHEMBL444324,None
O=C(NCCN1CCCCC1)Nc1ccc2ncnc(Nc3cccc(Br)c3)c2c1,CHEMBL3814882,None
COc1cc2c(Nc3cccc(Cl)c3)ncnc2cc1OCC1CN(C)CCO1,CHEMBL3322973,None
COc1cc2c(Nc3c(F)ccc(O)c3C)ncnc2cc1OCCN1CCCCC1,CHEMBL3799867,None
COc1cc2ncnc(Nc3ccc(C(=O)NC45CC6CC(CC(C6)C4)C5)cc3)c2cc1OCCCN1CCOCC1,CHEMBL3763627,None
COc1cc2ncnc(Nc3ccc(OCc4cccc(F)c4)c(Cl)c3)c2cc1OCCN1C[C@H](O)[C@@H](O)[C@H](O)[C@H]1CO,CHEMBL4086459,None
C=CC(=O)N1CC(Oc2cc3c(Nc4cccc(C#N)c4)ncnc3cc2OC)C1,CHEMBL3896002,None
C=CC(=O)Nc1cc2c(Nc3ccc(Br)cc3F)ncnc2cc1OCCNC(=O)OC,CHEMBL3671535,None
COc1ccc(Nc2nc(-c3ccccc3)nc3ccccc23)c(OC)c1,CHEMBL1320061,None
O=[N+]([O-])c1cccc(-n2cc(-c3cccc(Nc4ncnc5cc6c(cc45)OCO6)c3)nn2)c1,CHEMBL4588686,None
CCOc1cc2ncnc(Nc3ccc4c(ccn4S(=O)(=O)c4ccccc4)c3)c2cc1NC(=O)/C=C/CN(C)C,CHEMBL3899132,None
Cc1cccc(Nc2ncnc3cc4c(cc23)OCO4)c1,CHEMBL1197967,None
COc1cccc2c(Nc3ccccc3C)nc(N)nc12,CHEMBL421554,None
NS(=O)(=O)c1ccc(Nc2nc(-c3cccnc3)nc3ccccc23)cc1,CHEMBL3770103,None
C[C@H](CN(C)C)Oc1cccc2ncnc(Nc3ccc(OCc4cnccn4)c(Cl)c3)c12,CHEMBL483332,None
COc1cc2c(Nc3cccc4c3OCC4)ncnc2cc1OCCCN1CCOCC1,CHEMBL171373,None
COc1ccc(Nc2ncnc3ccc4nc(C(=N)NCc5ccccc5)sc4c23)cc1,CHEMBL3945621,None
CS(C)(=O)=Nc1cc(F)c2c(Nc3ccc(F)cc3OC(CF)CF)ncnc2c1,CHEMBL3936235,None
O=C(/C=C/CN1CC[S+]([O-])CC1)Nc1cc2c(Nc3ccc(F)c(Cl)c3)ncnc2cc1O[C@H]1CCOC1,CHEMBL3622658,None
CS(=O)(=O)CCNCc1ccc(-c2ccc3ncnc(Nc4ccc(OCc5cccc(F)c5)c(C(F)(F)F)c4)c3c2)o1,CHEMBL215814,GW576484X
COc1ccc(-c2nc(Nc3cccc(S(=O)(=O)F)c3)c3ccccc3n2)cc1OC,CHEMBL4161988,None
COc1cc2nc([S+]([O-])CC(=O)Nc3cccc(F)c3)nc(Nc3c(Cl)cc(/C=C/C#N)cc3Cl)c2cc1OC,CHEMBL4560342,None
Cc1cc(N=S(C)(C)=O)cc2ncnc(Nc3ccc(F)cc3OC(C)C(C)(C)C#N)c12,CHEMBL3947467,None
CC(C)c1ccc(Nc2ncnc3ccc(NC(=S)NCc4ccccc4)cc23)cc1,CHEMBL4061372,None
CC(C)(C)OCc1ccc(-c2ccc3ncnc(Nc4ccc(OCc5cccc(F)c5)c(Cl)c4)c3c2)cc1,CHEMBL3735010,None
CS(=O)(=O)CCNCc1nc(-c2ccc3ncnc(Nc4ccc(OCc5cccc(C(F)(F)F)c5)cc4)c3c2)cs1,CHEMBL505970,None
C=CC(=O)N1CCC(Oc2cc3c(Nc4ccc(C(C)C)cc4)ncnc3cc2OC)CC1,CHEMBL3974453,None
COc1cc2c(Nc3cc(Cl)ccc3F)ncnc2cc1OCC1CN(C)CCO1,CHEMBL3949155,None
CC(C)(C)C(=O)Oc1cccc(Nc2ncnc3ccccc23)c1,CHEMBL1384176,None
COc1cc2c(Nc3cc(Cl)c(Cl)cc3F)ncnc2cc1OCC1CN(C)C(C)(C)CO1,CHEMBL3921482,None
CC(C)Oc1ccc2ncnc(Nc3cccc(Br)c3)c2c1,CHEMBL303996,None
COc1cc2c(Nc3ccc(Br)c(Cl)c3F)ncnc2cc1OC[C@H]1CN2CCOC[C@H]2CO1,CHEMBL3914441,None
COc1cc2c(Nc3ccc(B(O)O)cc3)ncnc2c(OC)c1OC,CHEMBL4129235,None
CCOc1cc2nc(C(C)C)nc(Nc3cccc(-c4csc(C)n4)c3)c2cc1OCC,CHEMBL125526,None
COc1cccc(Nc2ncnc3ccc(NC(=O)Nc4ccc(N(CCCl)CCCl)cc4)cc23)c1,CHEMBL1795967,None
O=C(CCCCCCOc1ccc2ncnc(Nc3ccc(OCc4cccc(F)c4)c(Cl)c3)c2c1)NO,CHEMBL3935462,None
CN(c1ccccc1)c1ncnc2ccc(N)cc12,CHEMBL136492,None
COc1ccc2c(c1)NC(=O)CN2c1nc(N2CC(F)(F)C2)nc2ccccc12,CHEMBL4094778,None
O=C(/C=C/CN1CCOCC1)N1CCCOc2cc3ncnc(Nc4ccc(OCc5cccc(F)c5)c(Cl)c4)c3cc21,CHEMBL4632500,None
COc1cc2ncnc(Nc3ccc(OCc4cccc(F)c4)c(Cl)c3)c2cc1OCCCN1C[C@H](O)[C@@H](O)[C@H](O)[C@H]1CO,CHEMBL4065005,None
COC[C@H]1Oc2cc3ncnc(Nc4cccc(I)c4)c3cc2O[C@@H]1COC,CHEMBL516979,None
COc1cccc2c(Nc3ccccc3C)nc(N3CCCC3)nc12,CHEMBL446158,None
CCOC(=O)c1nc(Nc2ccccc2OC)c2ccccc2n1,CHEMBL1710865,None
CCOC(=O)c1nc(Nc2ccc(N3CCOCC3)cc2)c2ccccc2n1,CHEMBL1552834,None
COc1cc2c(Nc3ccc(Br)cc3Cl)ncnc2cc1OCC1CNCCO1,CHEMBL3322990,None
COc1cc2c(Nc3ccc(Cl)c(Cl)c3)ncnc2cc1OCC1CN(C(=O)c2ccoc2)CCO1,CHEMBL3969472,None
Cc1ccc(NC(=O)Nc2ccc3ncnc(Nc4ccc(Cl)cc4)c3c2)cc1Cl,CHEMBL513306,None
CCOC(=O)C(=CNc1ccc2ncnc(Nc3ccc(Cl)cc3Cl)c2c1)C(=O)OCC,CHEMBL2347225,None
COc1cc2c(Nc3ccc(NC(=O)c4ccccc4)cc3)ncnc2cc1OCC(=O)O,CHEMBL3343038,None
O=C(Nc1ccc(N(CCCl)CCCl)cc1)Nc1ccc2ncnc(Nc3ccc(Oc4ccccc4)cc3)c2c1,CHEMBL1795970,None
COc1cccc(Nc2ncnc3ccc(Br)cc23)c1,CHEMBL1081539,None
O=S(=O)(/C=C/c1ccc(Cl)cc1)Cc1ccc(Nc2ncnc3ccc(Br)cc23)cc1,CHEMBL161634,None
CCOc1cc2ncnc(Nc3cccc(-c4csc(C(=O)O)n4)c3)c2cc1OCC,CHEMBL127835,None
COc1ccc(Nc2nc(-c3ccc([N+](=O)[O-])cc3)nc3ccccc23)cc1OC,CHEMBL4164537,None
COC(=N)c1nc2ccc3ncnc(Nc4ccc(F)cc4Cl)c3c2s1,CHEMBL2386746,None
C=CC(=O)Nc1cc2c(Nc3ccc(Br)cc3F)ncnc2cc1OCC(C)NC(=O)CCN(CC)CC,CHEMBL3676374,None
CN(C)C(=O)c1ccc(-c2nc(Nc3ccccc3)c3ccccc3n2)cc1,CHEMBL1523579,None
COc1cccc(Nc2nc(-c3ccccc3)nc3ccc([N+](=O)[O-])cc23)c1,CHEMBL4160408,None
C=CC(=O)Nc1cc2c(Nc3ccc(Br)cc3F)ncnc2cc1OCC1CCN(C(=O)CS(C)(=O)=O)CC1,CHEMBL3671477,None
COc1cc2ncnc(Nc3ccc(F)c(Cl)c3)c2cc1S(=O)(=O)N1CCN(c2ncc(C(=O)NO)cn2)CC1,CHEMBL3909637,None
O=C(CCCN1CCCCC1)Nc1ccc2ncnc(Nc3cccc(Br)c3)c2c1,CHEMBL2425735,None
Fc1cccc(COc2ccc(Nc3ncnc4ccc(-n5nncc5CN5CCOCC5)cc34)cc2Cl)c1,CHEMBL4172435,None
Fc1ccc2nc(NCCc3c[nH]c4ccccc34)nc(Nc3ccc4[nH]ncc4c3)c2c1,CHEMBL4095923,None
[O-][S+]1CCN(Cc2ccc(-c3ccc4ncnc(Nc5ccc(OCc6cccc(F)c6)c(Cl)c5)c4c3)o2)CC1,CHEMBL212954,None
C#Cc1cccc(Nc2ncnc3cc4c(cc23)N(C(=O)/C=C/CN2CCCCC2C)CCCO4)c1,CHEMBL3114694,None
COc1cc2ncnc(Nc3ccccc3F)c2cc1OCCCCC(=O)NO,CHEMBL3758922,None
Cc1ccc(S(=O)(=O)O)cc1.O=S(=O)(CCNCc1ccc(-c2ccc3ncnc(Nc4ccc(OCc5cccc(F)c5)c(Cl)c4)c3c2)o1)CC(F)(F)F,CHEMBL2437227,None
O=C(/C=C/N1CCOCC1)Nc1ccc2ncnc(Nc3cccc(Br)c3)c2c1,CHEMBL94123,None
COc1cc(/C=C/C(=O)Nc2cc3c(Nc4ccc(F)c(Cl)c4)ncnc3cc2O[C@@H]2CCOC2)cc(OC)c1OC,CHEMBL4466350,None
Fc1ccc(-c2ccc3ncnc(Nc4cccc5[nH]ncc45)c3c2)cc1Cl,CHEMBL3661256,None
COc1cc2ncnc(Nc3ccc(F)c(Cl)c3)c2cc1OCCCNCCN,CHEMBL2334003,None
COc1cc2nc(N3CCC(N4CCCC4)CC3)nc(Nc3ccc(F)cc3)c2cc1OC,CHEMBL487835,None
COc1cc2c(Nc3ccc(F)c(Cl)c3)ncnc2cc1OCCCn1ccnc1[N+](=O)[O-],CHEMBL3360602,None
COc1ccc(NC(=O)Nc2ccc(Nc3ncnc4cc(OC)c(OC)cc34)cc2)cc1,CHEMBL1761934,None
COc1cc2ncnc(Nc3cccc(Cl)c3F)c2cc1CN1CCOCC1C(N)=O,CHEMBL207674,None
CN(CCCl)CCN/N=N/c1ccc2ncnc(Nc3cccc(Cl)c3)c2c1,CHEMBL225928,None
CS(=O)(=O)CCNCCCOc1ccc2ncnc(Nc3ccc(OCc4ccccc4)cc3)c2c1,CHEMBL14952,None
FC(F)(F)c1ccc(Nc2nc(CCN3CCCC3)nc3cc(-c4ncccc4C(F)(F)F)ccc23)cc1,CHEMBL457197,None
O=C(c1ccc(-c2ccc3ncnc(Nc4ccc(OCc5cccc(F)c5)c(Cl)c4)c3c2)cc1)N1CCOCC1,CHEMBL2347518,None
COc1cc2ncnc(Nc3ccccc3F)c2cc1OCCCC(=O)NO,CHEMBL3760069,None
COc1cc2ncnc(Nc3ccccc3N(CCCl)CCCl)c2cc1OC.Cl,CHEMBL2417992,None
COc1cc2c(Nc3cccc(Br)c3)ncnc2cc1OCC1CN(C(=O)OC(C)(C)C)CCO1,CHEMBL3322974,None
CC(=O)N(c1ccc(F)c(Cl)c1)c1ncnc2ccc(COC(=O)CCCCC(=O)O[C@@H]3O[C@@H]4O[C@@]5(C)CC[C@H]6[C@H](C)CC[C@@H]([C@H]3C)[C@@]46OO5)cc12,CHEMBL4464960,None
CC(=O)c1ccc(Nc2nc3c(S(=O)(=O)c4ccc(C)c(C)c4)nnn3c3ccccc23)cc1,CHEMBL1081979,None
COc1cc2nc(OCC3CCN(C(=O)OC(C)(C)C)CC3)nc(Nc3ccc(S(C)(=O)=O)cc3F)c2cc1OC,CHEMBL2336767,None
O=S(=O)(c1ccc(-c2ccc3ncnc(Nc4ccc(OCc5ccc(C(F)(F)F)c(F)c5)c(Cl)c4)c3c2)cc1)N1CCOCC1,CHEMBL2347529,None
O=[N+]([O-])c1cccc(Nc2nc(-c3cccs3)nc3ccccc23)c1,CHEMBL4579169,None
Oc1cc(-c2nc(Nc3ccc(OC(F)(F)F)cc3)c3ccccc3n2)cc(O)c1O,CHEMBL1223121,None
C=CCn1c(C)nc2ccc(Nc3nc(Sc4ccc(N)cc4)nc4ccccc34)cc21,CHEMBL3116073,None
COc1cc2c(Nc3cc(F)c(Br)cc3F)ncnc2cc1OCC1CN(C)CCO1,CHEMBL3952465,None
Clc1ccccc1CNc1ccc2ncnc(Nc3cccc(Br)c3)c2c1,CHEMBL1928713,None
CC(C)Nc1nc(Nc2ccccc2)c2ccccc2n1,CHEMBL3262252,None
CS(=O)(=O)c1ccc(Nc2nc(-c3ccncc3)nc3ccccc23)cc1,CHEMBL3771220,None
CS(=O)(=O)C/C=[N+](/[O-])Cc1ccc(-c2ccc3ncnc(Nc4ccc(OCc5cccc(F)c5)c(Cl)c4)c3c2)o1,CHEMBL3526765,None
CCOC(=O)/C(C#N)=C\Nc1ccc2ncnc(Nc3ccc(Cl)cc3Cl)c2c1,CHEMBL2347217,None
O=C(C#CCO)Nc1ccc2ncnc(Nc3ccc(F)c(Cl)c3)c2c1,CHEMBL202411,None
Brc1cccc(Nc2ncnc3ccc(NCc4ccc5c(c4)OCCO5)cc23)c1,CHEMBL2070192,None
CCOc1cc2ncnc(Nc3cccc(-c4csc(Cc5ccccc5)n4)c3)c2cc1OCC,CHEMBL126890,None
COc1ccc(-c2nc(Nc3cccc(C(F)(F)F)c3)c3cc([N+](=O)[O-])ccc3n2)cc1OC,CHEMBL4164845,None
CN(C)C/C=C/C(=O)Nc1ccc2ncnc(Nc3cccc(I)c3)c2c1,CHEMBL189779,None
O=C(N/N=C/c1ccc(F)cc1Cl)Nc1cc2c(Nc3ccc(F)c(Cl)c3)ncnc2cc1O[C@H]1CCOC1,CHEMBL4098060,None
COc1ccc(Nc2nc(-c3ccncc3)nc3ccccc23)cc1,CHEMBL1499954,None
CCOc1cc2c(Nc3cccc(-c4csc(C)n4)c3)ncnc2cc1OC(C)C,CHEMBL338218,None
COc1cc2ncnc(Nc3ccc(F)c(Cl)c3)c2cc1OCCCN1CCN(C(=O)CCOCCC(=O)N[C@H](C(=O)N2C[C@H](O)C[C@H]2C(=O)NCc2ccc(-c3scnc3C)cc2)C(C)(C)C)CC1,CHEMBL4442796,None
[3H]c1cc(N(C)c2nc(C)nc3ccccc23)ccc1N=[N+]=[N-],CHEMBL3905629,None
CCOC(=O)/C(C#N)=C\Nc1ccc2ncnc(Nc3ccc(O)cc3)c2c1,CHEMBL2347223,None
CN(c1ccc(OCCCCC(=O)NO)cc1)c1ncnc2ccccc12,CHEMBL3774858,None
COc1cc2ncnc(Nc3ccccc3Br)c2cc1OC,CHEMBL92174,None
CCOc1ccc(N(C)c2nc(C)nc3ccccc23)cc1,CHEMBL515260,None
CN1CCN(CC#Cc2ccc3ncnc(Nc4ccc(OCc5cccc(F)c5)c(Cl)c4)c3c2)CC1,CHEMBL4280205,None
C#Cc1cccc(Nc2ncnc3ccc(S(=O)(=O)n4ccc(/C=C/C(=O)NO)c4)cc23)c1,CHEMBL3218002,None
CCOc1ccc(Nc2nc(-c3cccc([N+](=O)[O-])c3)nc3ccccc23)cc1OCC,CHEMBL4176826,None
COc1ccc(Cl)c(Nc2ncnc3cc(OC)c(OC)cc23)c1,CHEMBL216586,None
COCCOc1cc2ncnc(Nc3ccccc3N(CCCl)CCCl)c2cc1OCCOC.Cl,CHEMBL2417869,None
CCCCC(=O)Nc1ccc(Nc2ncnc3cc(OC)c(OC)cc23)cc1C,CHEMBL2018747,None
Cc1cc(F)ccc1Nc1nc(N(C)c2ccccc2)c2cccc(OCCCN(C)C)c2n1,CHEMBL93756,None
Fc1ccc(Nc2nc(SCc3cccc(F)c3)nc3ccccc23)cc1,CHEMBL1434565,None
C#Cc1cccc(Nc2ncnc3cc(N4CCN(C)CC4)c(F)cc23)c1,CHEMBL4516464,None
C=CC(=O)Nc1cc2c(Nc3cc(F)c(Br)cc3F)ncnc2cc1OCCNC(C)=O,CHEMBL3639752,None
COc1ccc(OC)c(Nc2nc(Cl)nc3ccccc23)c1,CHEMBL3982198,None
COc1cc2ncnc(Nc3ccc(-c4nc5ccccc5s4)cc3O)c2cc1OCCCN1CCN(C)CC1,CHEMBL593294,None
CCN(CC)C(=O)[C@@H](C)Oc1cc(F)ccc1Nc1ncnc2cc(N=S3(=O)CCCC3)cc(C)c12,CHEMBL4108389,None
COc1ccc2c(c1)NC(=O)CN2c1nc(N2CCCC2)nc2ccccc12,CHEMBL4102097,None
CN(C)C/C=C/C(=O)Nc1cc2c(Nc3ccc(F)c(C#N)c3)ncnc2cc1O[C@H]1CCOC1,CHEMBL3622647,None
NP(=O)(OCCCCOc1ccc2ncnc(Nc3cccc(Br)c3)c2c1)N(CCCl)CCCl,CHEMBL4090083,None
CN1CCN(CCC(=O)Nc2ccc3ncnc(Nc4cccc(Br)c4)c3c2)CC1,CHEMBL2031300,None
COc1cc(C(N)=O)cc(-c2ccc3ncnc(Nc4cccc(C(=O)N5CCOCC5)c4)c3c2)c1,CHEMBL4067897,None
FC(F)(F)c1ccc(CSc2nc(Nc3ccccc3C(F)(F)F)c3ccccc3n2)cc1,CHEMBL4556740,None
COc1ccc(/C=C/C(=O)Nc2cc3c(Nc4ccc(F)c(Cl)c4)ncnc3cc2OC)cc1,CHEMBL3763559,None
Cc1ccc(Nc2nc(-c3cc(O)c(O)c(O)c3)nc3ccccc23)cc1,CHEMBL1223119,None
COC(=O)CN(C)Cc1c[nH]c2cc3ncnc(Nc4cccc(Br)c4)c3cc12,CHEMBL39715,None
COc1cc2ncnc(Nc3cccc(Cl)c3)c2cc1OCCCCC(=O)NO,CHEMBL3633760,None
c1ccc(-c2cccc(Nc3ncnc4cc5c(cc34)OCCO5)c2)cc1,CHEMBL3040806,None
COc1cc2ncnc(Nc3ccc(-c4nc5ccccc5s4)cc3)c2cc1OCCCN1CCN(C)CC1,CHEMBL593292,None
COCC(C)NC(=O)[C@@H](C)Oc1cc(F)ccc1Nc1ncnc2cc(N=S(C)(C)=O)cc(C)c12,CHEMBL4106776,None
COc1ccccc1-c1nc2ccc(Nc3ncnc4ccccc34)cc2[nH]1,CHEMBL3321896,None
C=CC(=O)Nc1cc2c(Nc3ccc(Br)cc3F)ncnc2cc1OCCCC(=O)CN(C)C,CHEMBL4547332,None
COc1ccc(OC)c(Nc2nc(-c3ccc(C)cc3)nc3ccccc23)c1,CHEMBL1566713,None
Cc1noc(C)c1-c1ccc2ncnc(Nc3ccccc3)c2c1,CHEMBL1473809,None
O=C(CCI)Nc1ccc2ncnc(Nc3ccc(F)c(Cl)c3)c2c1,CHEMBL279329,None
COc1ccc(Nc2ncnc3ccc(NC(=O)Nc4cc(Cl)cc(Cl)c4)cc23)cc1OC,CHEMBL466799,None
CCC(=O)Nc1ccc(Nc2ncnc3cc(OC)c(OC)cc23)cc1C.Cl,CHEMBL3221264,None
O=[N+]([O-])c1cccc(-c2nc(Nc3cccc(C(F)(F)F)c3)c3ccccc3n2)c1,CHEMBL4165025,None
Cc1cccc(/C=C/C(=O)Nc2ccc3ncnc(Nc4cccc(Cl)c4)c3c2)n1,CHEMBL2424793,None
O=C(CN1CCOCC1)Nc1ccc2ncnc(Nc3cccc(Cl)c3)c2c1,CHEMBL4164798,None
COc1cc2ncnc(N(C)c3ccc(C)c(C(F)(F)F)c3)c2cc1OC,CHEMBL1277970,None
O=[N+]([O-])c1ccc2nc(-c3ccccc3)nc(Nc3cccc(C(F)(F)F)c3)c2c1,CHEMBL4164189,None
C=CC(=O)Nc1cc2c(Nc3ccc(Br)cc3F)ncnc2cc1OCCNC(=O)C1CCCN1C(C)=O,CHEMBL3671574,None
C=CC(=O)Nc1cc2c(Nc3ccc(F)c(F)c3F)ncnc2cc1OCCNC(C)=O,CHEMBL3676339,None
C#CCN1CCOC(COc2cc3ncnc(Nc4ccc(Cl)c(Cl)c4)c3cc2OC)C1,CHEMBL3932578,None
CC(C)(C)c1cc(/C=N/NC(=O)Nc2cc3c(Nc4ccc(F)c(Cl)c4)ncnc3cc2O[C@H]2CCOC2)cc(C(C)(C)C)c1O,CHEMBL4098294,None
Cc1cccc(N(C)c2ncnc3cc(C)c(C)cc23)c1.Cl,CHEMBL554566,None
COc1cc(-c2ccc3ncnc(Nc4cccc5[nH]nc(Cl)c45)c3c2)ccc1O,CHEMBL3661300,None
COC(=N)c1nc2ccc3ncnc(Nc4ccc(Cl)c(Cl)c4)c3c2s1,CHEMBL3970062,None
Cc1ccc(O)c(Nc2ncnc3ccccc23)c1.Cl,CHEMBL1346038,None
C#Cc1cccc(Nc2ncnc3cc(OCCCN4CCOCC4)c(OCCCN4CCOCC4)cc23)c1,CHEMBL4168382,None
CCN(CC)CCC(=O)Nc1ccc(Nc2nc(Cl)nc3ccccc23)cc1,CHEMBL3929109,None
COc1cc(Nc2nc(-c3cccc([N+](=O)[O-])c3)nc3ccccc23)ccc1Br,CHEMBL4166534,None
Fc1ccc(Nc2nc(C(Cl)(Cl)Cl)nc3ccccc23)cc1,CHEMBL555348,None
COc1cc(Nc2ncnc3ccc(-c4cn(CCCCCC(=O)NO)nn4)cc23)ccc1Oc1ccccc1,CHEMBL3921816,None
CCCOC(=O)Nc1ccc(Nc2ncnc3cc(OC)c(OC)cc23)cc1C.Cl,CHEMBL3221556,None
C[C@H]1[C@H](OCCCOCc2ccc3ncnc(Nc4ccc(F)c(Cl)c4)c3c2)O[C@@H]2O[C@@]3(C)CC[C@H]4[C@H](C)CC[C@@H]1[C@@]24OO3,CHEMBL4559262,None
C#Cc1cccc(Nc2ncnc3cc(OC)c(OC4CCN(C(=O)C=C)CC4)cc23)c1,CHEMBL3955524,None
COc1ccc(Nc2ncnc3ccc(-c4cccc(N5CCOCC5)c4)cc23)cc1Cl,CHEMBL4171684,None
COc1cc2ncnc(Nc3ccc(C(=O)Nc4cc(F)ccc4N)cc3)c2cc1OCCCN1CCOCC1,CHEMBL3700343,None
C[C@@H]1CC[C@H]2[C@@H](C)C(O[C@@H](C(=O)OCc3ccc4ncnc(Nc5ccc(F)c(Cl)c5)c4c3)c3ccccc3)O[C@@H]3O[C@@]4(C)CC[C@@H]1[C@]32OO4,CHEMBL4543089,None
Clc1cccc(Nc2ncnc3ccc(NCc4cccc(Br)n4)cc23)c1,CHEMBL2424807,None
Cc1cc(N=S2(=O)CCCC2)cc2ncnc(Nc3ccc(F)cc3O[C@H](C)C(=O)N(C)C(C)C)c12,CHEMBL4108318,None
C=CC(=O)Nc1cc2c(Nc3ccc(Br)cc3F)ncnc2cc1OCC(C)NC(=O)NCCC,CHEMBL3671555,None
C[C@@H](Oc1cccc2ncnc(Nc3ccc4c(cnn4Cc4ccccn4)c3)c12)C(N)=O,CHEMBL256363,None
COc1ccc(/C=C/C(=O)Nc2cc3c(Nc4ccc(F)c(Cl)c4)ncnc3cc2O[C@H]2CCOC2)c(OC)c1,CHEMBL3763587,None
COc1cc2ncnc(Nc3ccc(F)c(Cl)c3)c2cc1OCCCN1CCN(C(=O)CCC(=O)O)CC1,CHEMBL3337927,None
C=CC(=O)N1CCC(Oc2cc3c(Nc4cccc(Cl)c4C)ncnc3cc2OC)CC1,CHEMBL3899604,None
CN(C)CC/N=N/Nc1ccc2ncnc(Nc3cccc(Br)c3)c2c1,CHEMBL137534,None
O=C(/C=C/c1ccc(Br)s1)Nc1ccc2ncnc(Nc3cccc(Cl)c3)c2c1,CHEMBL2424804,None
COc1cc2ncnc(Nc3cccc(Br)c3)c2cc1[N+](=O)[O-],CHEMBL65038,None
COc1cc2ncnc(Nc3ccc4c(c3)OCO4)c2cc1OC,CHEMBL1369868,None
COc1cc2ncnc(Nc3ccc(F)c(Cl)c3)c2cc1OCCOS(=O)(=O)NC(=O)[C@@H](N)CC(C)C,CHEMBL4239188,None
Fc1ccc(Nc2ncnc3ccc(C#Cc4cccs4)cc23)cc1Cl,CHEMBL398963,None
COc1ccc(Nc2ncnc3ccc(NC(=S)Nc4cccc(Cl)c4)cc23)cc1OC,CHEMBL570503,None
O=C(O)COCc1nc(Nc2ccc(C(F)(F)F)cc2)c2ccc(-c3ncccc3C(F)(F)F)cc2n1,CHEMBL456151,None
COc1cc2ncnc(Nc3ccc(F)c(Cl)c3)c2cc1OCCNC(C)(C)C,CHEMBL57892,None
COc1cc2c(Nc3ccc(C#N)cc3F)ncnc2cc1OCCn1ccnn1,CHEMBL358672,None
C/C=C/C(=O)Nc1ccc2c(Nc3cccc(Br)c3)ncnc2c1,CHEMBL511874,None
COc1cc2c(Nc3ccc(Cl)c(Cl)c3)ncnc2cc1OCC1CN(C(=O)c2c(F)ccc(F)c2F)CCO1,CHEMBL3929966,None
Fc1cccc(COc2ccc(Nc3ncnc4ccc(-c5nccc(N6CCOCC6)n5)cc34)cc2Cl)c1,CHEMBL4171096,None
CCCCOc1ccc2ncnc(Nc3cccc(Br)c3)c2c1,CHEMBL63450,None
COc1cc2ncnc(N3CCCc4ccccc43)c2cc1NC(=O)/C=C/CN1CCC(CO)CC1,CHEMBL4162066,None
Cc1ccc(S(=O)(=O)Cc2nc(Nc3cccc(C(F)(F)F)c3)c3cc([N+](=O)[O-])ccc3n2)cc1,CHEMBL574671,None
COc1cc2ncnc(Nc3cccc(NC(=O)C45CC6CC(CC(C6)C4)C5)c3)c2cc1OCCCN1CCOCC1,CHEMBL3765789,None
COc1cc2nc(N)nc(Nc3ccc(NC(=O)C(c4ccccc4)N4Cc5ccccc5C4=O)cc3F)c2cc1OC,CHEMBL4533998,None
C=CC(=O)Nc1ccc2ncnc(Nc3ccc(CN(C)C)c(Br)c3)c2c1,CHEMBL283201,None
C=C(C)C(=O)Nc1cc2c(Nc3ccc(F)c(Cl)c3)ncnc2cc1OCCCN1CCOCC1,CHEMBL3974571,None
CN(C)CCC(=O)Nc1ccc2ncnc(Nc3cccc(Br)c3)c2c1,CHEMBL2031297,None
COc1ccc(-c2nc(Nc3ccc(O)c([N+](=O)[O-])c3)c3ccccc3n2)cc1OC,CHEMBL4172203,None
CNS(=O)(=O)c1ccc(N(C)C)c(Nc2ncnc3ccc(N)cc23)c1,CHEMBL3814121,None
COc1ccc(Nc2nc(N3CCN(CCO)CC3)nc3ccccc23)cc1,CHEMBL3609162,None
COc1cc2c(Nc3cccc(NC(=O)c4ccccc4)c3)ncnc2cc1OCCCN1CCOCC1,CHEMBL588434,None
c1ccc(Nc2ncnc3ccc(-c4cccc(N5CCOCC5)c4)cc23)cc1,CHEMBL2347527,None
COC(=N)c1nc2ccc3ncnc(Nc4ccc(F)c(Cl)c4)c3c2s1,CHEMBL3934766,None
COc1cc2ncnc(Nc3ccc(F)cc3)c2cc1OC.Cl,CHEMBL1203934,None
COCC(=O)NCC#Cc1ccc2ncnc(Nc3ccc(Oc4cccc(C(=O)NCC(C)(C)C)c4)c(C)c3)c2c1,CHEMBL389741,None
Cc1cc(N=S2(=O)CCC2)cc2ncnc(Nc3ccc(F)cc3O[C@H](CO)C(F)(F)F)c12,CHEMBL4109919,None
COc1cc2c(Nc3ccc(Br)cc3Br)ncnc2cc1OCC1CN(C)CCO1,CHEMBL3913993,None
COc1cc2c(Nc3ccc(Cl)cc3F)ncnc2cc1OCC1CCN(C)CC1.Cl,CHEMBL2448065,None
c1ccc(COc2ccc(Nc3ncnc4ccc(-c5ccco5)cc34)cc2)cc1,CHEMBL215993,GW284372X
CCOc1ccccc1Nc1ncnc2ccc(Br)cc12,CHEMBL1867348,None
Fc1cccc(NC(=S)Nc2ccc3ncnc(Nc4cccc(Cl)c4)c3c2)c1,CHEMBL568924,None
COc1cc2ncnc(Nc3ccccc3F)c2cc1OC.Cl,CHEMBL1204360,None
O=C(O)Cn1ccc2cc3c(Nc4cccc(Br)c4)ncnc3cc21,CHEMBL289162,None
C=CCn1c(C)nc2cc(Nc3nc(Cl)nc4ccccc34)ccc21,CHEMBL2382215,None
COc1cc2c(Nc3ccc(Cl)c(Cl)c3)ncnc2cc1OCc1nc(CS(=O)(=O)c2ccccn2)no1,CHEMBL3903022,None
COc1cc2ncnc(Nc3ccc(C)cc3)c2cc1OC.Cl,CHEMBL1641778,None
COc1cc2ncnc(Nc3ccc(F)c(Cl)c3)c2cc1OCCN1CCCC1,CHEMBL57758,None
COc1cc(Nc2ncnc3c(NC(=O)Nc4cc(C)cc(C)c4)cccc23)cc(OC)c1,CHEMBL3938885,None
Fc1ccc(Nc2ncnc3cc(OCCCN4CCOCC4)c(OCCCN4CCOCC4)cc23)cc1Cl,CHEMBL4165375,None
C=CC(=O)Nc1cc2c(Nc3ccc(F)c(Cl)c3)ncnc2cc1OCc1cn(Cc2ccccc2)nn1,CHEMBL4578487,None
COc1cc2ncnc(Nc3ccc(F)c(Cl)c3)c2cc1OCCN1CCCCC1,CHEMBL56142,None
C#Cc1cccc(Nc2ncnc3cc(OCCOC)c(OCCO)cc23)c1,CHEMBL3186743,None
O=S(=O)(c1cccc(Nc2nc(Cl)nc3cccc(-c4ccccc4)c23)c1)N1CCOCC1,CHEMBL4084636,None
O=[N+]([O-])c1ccccc1Nc1nc(C(Cl)(Cl)Cl)nc2ccccc12,CHEMBL563145,None
COc1cc2ncnc(Nc3ccc(OCc4cccc(F)c4)c(Cl)c3)c2cc1OCCCCCCn1ccnc1[N+](=O)[O-],CHEMBL3355886,None
COc1cc2ncnc(Nc3cccc(Cl)c3F)c2cc1OC(=O)N1C[C@@H]2C[C@H]1CN2C,CHEMBL3623286,None
O=C(N/N=C/c1ccc(O)cc1)Nc1cc2c(Nc3ccc(F)c(Cl)c3)ncnc2cc1O[C@H]1CCOC1,CHEMBL4064776,None
Fc1cccc(Nc2ncnc3ccc(Br)cc23)c1,CHEMBL1079375,None
COCCOc1cc2ncnc(Nc3ccc(F)c(Cl)c3)c2cc1NC(=O)CCCCC(=O)NO,CHEMBL3946801,None
COc1cc2nc(C)nc(Nc3cccc(Br)c3)c2cc1OC,CHEMBL294769,None
COc1cc2ncnc(N3CCc4ccccc43)c2cc1NC(=O)/C=C/CN(C)C,CHEMBL4172792,None
COCC(=O)NCC#Cc1ccc2ncnc(Nc3ccc(OC4CCNCC4)c(C)c3)c2c1,CHEMBL230467,None
COc1ccc(N(C)c2nc(C)nc3ccccc23)cc1OCCC[Se]C#N,CHEMBL4077420,None
CCC(C)NC(=O)[C@@H](C)Oc1cc(F)ccc1Nc1ncnc2cc(N=S(C)(C)=O)cc(C)c12,CHEMBL4112395,None
C=CC(=O)N1CCC(Oc2cc3c(Nc4ccc(Br)c(C)c4)ncnc3cc2OC)CC1,CHEMBL3910915,None
C/C=C/c1ccc(Nc2ncnc3cc(OCCN4CCOCC4)c(OCCN4CCOCC4)cc23)cc1,CHEMBL4165777,None
COc1cc2c(Nc3cccc(Br)c3)ncnc2c(OC)c1OC.Cl,CHEMBL535392,None
COc1ccc(Nc2nc(C(Cl)(Cl)Cl)nc3ccccc23)cc1,CHEMBL556490,None
O=[N+]([O-])c1cccc(Nc2nc(-c3ccccn3)nc3ccccc23)c1,CHEMBL4071711,None
CC1CCN(C/C=C/C(=O)N2CCCOc3cc4ncnc(Nc5ccc(OCc6cccc(F)c6)c(Cl)c5)c4cc32)CC1,CHEMBL4641942,None
C=CC(=O)N(c1cccc(C(F)(F)F)c1)c1ncnc2cc(OC)c(OCCCN3CCOCC3)cc12,CHEMBL4441921,None
COc1cc2c(Nc3ccc(Cl)c(Cl)c3)ncnc2cc1OCc1nc(-c2ccccn2)cs1,CHEMBL3976826,None
COc1cc2c(cc1OC)CN(CCc1ccc(Nc3nc(-c4ccc(F)cc4)nc4ccccc34)cc1)CC2,CHEMBL4094035,None
CC(C)(O)CC(=O)NCCc1ccc2ncnc(Nc3ccc(Oc4cccc(C(F)(F)F)c4)c(Cl)c3)c2c1,CHEMBL4290869,None
COc1cc(-c2ccc3ncnc(Nc4ccc(Cl)c(O)c4)c3c2)ccc1O,CHEMBL3665858,None
C[C@@H](Oc1cc(F)ccc1Nc1ncnc2cc(N=S(C)(C)=O)cc(F)c12)C(=O)NCC(F)F,CHEMBL4106616,None
Cl.Oc1ccc(Nc2ncnc3ccccc23)cc1,CHEMBL1461566,None
COc1ccc(Nc2nc(N3CCCCC3)nc3ccccc23)c(OC)c1,CHEMBL1371896,None
COc1cc2ncnc(Nc3ccc(F)c(Cl)c3)c2cc1OCCCN1CC2(C1)CS(=O)(=O)C2,CHEMBL2425083,None
O=C(/C=C/c1ccc(F)cc1Cl)Nc1cc2c(Nc3ccc(F)c(Cl)c3)ncnc2cc1O[C@H]1CCOC1,CHEMBL3763457,None
C/N=N/Nc1ccc2ncnc(N(C)c3ccccc3)c2c1,CHEMBL135592,None
CSc1cccc(Nc2nc(-c3cccc([N+](=O)[O-])c3)nc3ccccc23)c1,CHEMBL4168440,None
OB(O)c1ccc(COc2ccc3ncnc(Nc4cccc(Cl)c4)c3c2)cc1,CHEMBL3347498,None
O=[N+]([O-])c1ccc2ncnc(Nc3cccc(Cl)c3)c2c1,CHEMBL1080816,None
C=CC(=O)N1CCC(Oc2cc3c(Nc4ccc(O)c(F)c4)ncnc3cc2OC)CC1,CHEMBL3977316,None
CN(C)CCCOC(=O)/C=C/C(=O)Nc1ccc2ncnc(Nc3cccc(Br)c3)c2c1,CHEMBL140561,None
COc1ccc(Nc2ncnc3ccc(NC(=O)Nc4ccc(CN5CCN(C)CC5)cc4)cc23)cc1Cl,CHEMBL3740113,None
O=C(Nc1ccc2ncnc(Nc3cccc(Cl)c3)c2c1)C1CCC2(CC1)OCC1(OO2)C2CC3CC(C2)CC1C3,CHEMBL4082840,None
C#Cc1cccc(N(C)c2nc(Cl)nc3cc(OC)c(OC)cc23)c1,CHEMBL2148023,None
CCOc1cc2ncnc(Nc3ccc(F)c(Cl)c3)c2cc1NC(=O)COC(=O)c1ccccc1,CHEMBL4437599,None
NC(=O)Nc1ccc2ncnc(Nc3ccc(Br)cc3)c2c1,CHEMBL3814959,None
C[C@@H](Oc1cc(F)ccc1Nc1ncnc2cc(N=S(C)(C)=O)cc(F)c12)C(=O)NC(CF)CF,CHEMBL4111102,None
COc1ccc2c(c1)NC(=O)CN2c1nc(NCCCO)nc2ccccc12,CHEMBL4095713,None
CC(=O)Nc1ccc2ncnc(Nc3cccc(Br)c3)c2c1,CHEMBL2031296,None
COc1cc2c(Nc3ccc(Cl)c(Cl)c3)ncnc2cc1OCC1CNCCO1,CHEMBL3924779,None
O=[N+]([O-])c1cccc(-c2nc(Nc3ccccc3)c3ccccc3n2)c1,CHEMBL4176120,None
COc1cc2c(Nc3ccc(Br)cc3F)ncnc2cc1OC[C@@H]1CCCN(CCF)C1,CHEMBL2058042,None
CNC(=O)CN(C)CCOc1cc2c(Nc3cccc(Cl)c3F)ncnc2cc1OC,CHEMBL2408212,None
COc1cc2ncnc(Nc3ccc(F)c(Cl)c3)c2cc1OCCN1CC(O)C1,CHEMBL2425090,None
C=CC(=O)Nc1cc2c(Nc3ccc(F)c(Cl)c3)ncnc2cc1OCCOCCCCO,CHEMBL32079,None
CC(C)c1ccc(Nc2nc(N3CCNCC3)nc3ccccc23)cc1,CHEMBL3609173,None
S=C(NCc1ccccc1)Nc1ccc2ncnc(Nc3ccccc3Br)c2c1,CHEMBL4071935,None
COc1cc2nc(N3CCC4CCC(C3)N4Cc3ccccc3)nc(Nc3ccc(S(C)(=O)=O)cc3)c2cc1OC,CHEMBL2336755,None
COc1ccc(-c2ccc3ncnc(Nc4cccc(C(=O)N5CCOCC5)c4)c3c2)cc1C(N)=O,CHEMBL4065202,None
COc1cc2c(N(C)c3ccccc3)ncnc2c(OC)c1OC.Cl,CHEMBL545302,None
CN1CCN(C(=S)SCCC(=O)Nc2ccc3ncnc(Nc4ccc(F)c(Cl)c4)c3c2)CC1,CHEMBL1778043,None
COc1ccc(Nc2nc(-c3ccncc3)nc3ccc([N+](=O)[O-])cc23)cc1,CHEMBL4164155,None
O=C(Nc1ccc(Cl)cc1)Nc1ccc2ncnc(Nc3cccc(C(F)(F)F)c3)c2c1,CHEMBL466407,None
C=CC(=O)N(c1cc(Cl)ccc1F)c1ncnc2cc(OC)c(OCCCN3CCOCC3)cc12,CHEMBL4527715,None
COc1ccc(C2=NNC(=O)c3ccccc3N2c2nc(-c3cccs3)nc3ccc(Br)cc23)cc1,CHEMBL2003914,None
C#Cc1cccc(Nc2ncnc3cc(OC)c(NC(=O)/C=C/CN4CCCCC4)cc23)c1,CHEMBL3622672,None
Cc1cc(N=S(C)(C)=O)cc2ncnc(Nc3ccc(F)cc3OCCCO)c12,CHEMBL3908621,None
C[C@@H](C#N)NC(=O)[C@@H](C)Oc1cc(F)ccc1Nc1ncnc2cc(N=S3(=O)CCC3)cc(Cl)c12,CHEMBL3958645,None
COc1ccc2c(c1)CCCCN2c1nc(C)nc2ccccc12,CHEMBL3126760,None
COc1ccc(Nc2ncnc3ccc4nc(C(N)=O)sc4c23)cc1,CHEMBL3957886,None
COc1cc2ncnc(Nc3ccc(F)c(Cl)c3)c2cc1OCCCN1C[C@H](O)[C@@H](O)[C@H](O)[C@H]1CO,CHEMBL4079553,None
C[C@@H](Oc1cc(F)ccc1Nc1ncnc2cc(N=S3(=O)CCC3)cc(F)c12)C(=O)NCC(F)(F)F,CHEMBL4107950,None
C=CC(=O)Nc1cc2c(Nc3ccc(Br)cc3F)ncnc2cc1OCCNC,CHEMBL3671503,None
C=CC(=O)N1CCC(Oc2cc3c(Nc4cccc([N+](=O)[O-])c4)ncnc3cc2OC)CC1,CHEMBL3906806,None
O=C(Nc1ccc2ncnc(Nc3cccc(Br)c3)c2c1)c1cccc2c1OCCO2,CHEMBL2070190,None
CC1CCN(C/C=C/C(=O)N2CCCOc3cc4ncnc(Nc5ccc(F)c(Cl)c5)c4cc32)CC1,CHEMBL4449525,None
Cl.Fc1cc(Br)ccc1Nc1ncnc2cc3c(cc12)OCCCO3,CHEMBL601675,None
COc1cc2c(Nc3ccc(Cl)c(Cl)c3)ncnc2cc1O[C@H]1CO[C@H]2[C@@H]1OC[C@@H]2OC,CHEMBL3964556,None
O=C(NCCO)c1ccc(Nc2nc(-c3cccnc3)nc3ccccc23)cc1,CHEMBL3769718,None
COc1cc2c(Nc3ccc(NC(=O)C(c4ccccc4)N4Cc5ccccc5C4=O)cc3F)ncnc2cc1OCC1CCN(C)CC1,CHEMBL4516635,None
C#Cc1cccc(Nc2ncnc3cc4c(cc23)N(CCCN2CCCCC2)C(=O)CO4)c1,CHEMBL3774396,None
CCOc1cc2ncnc(Nc3ccccc3[18F])c2cc1OCC,CHEMBL1774650,None
COc1cc2ncnc(Nc3cccc(N(CCCl)CCCl)c3)c2cc1OCCCN1CCOCC1,CHEMBL2417990,None
COc1ccc(-c2ccc3ncnc(Nc4cccc(C(=O)N5CCOCC5)c4)c3c2)cn1,CHEMBL4103062,None
CC1(C)OB(c2ccc3ncnc(Nc4ccc(F)c(Cl)c4)c3c2)OC1(C)C,CHEMBL3219505,None
C#Cc1cccc(Nc2ncnc3cc(OC)c(NC(=O)CCCC(=O)NO)cc23)c1,CHEMBL3939206,None
COc1cc(Nc2nc(SCc3ccc(C(F)(F)F)cc3)nc3ccccc23)cc(OC)c1OC,CHEMBL4471258,None
O=C(O)Cc1ccc(Nc2nc(-c3ccccc3)nc3ccccc23)cc1,CHEMBL2385570,None
COc1cc2ncnc(Nc3ccc(F)c(Cl)c3)c2cc1NC(=O)N/N=C/c1cccc(Cl)c1Cl,CHEMBL4080313,None
COc1cc2c(Nc3ccc(-c4nc5ccccc5s4)c(OC)c3)ncnc2cc1OCCCN1CCN(C)CC1,CHEMBL593860,None
CCN1CCC(c2nc(COc3cc4ncnc(Nc5ccc(Cl)c(Cl)c5)c4cc3OC)cs2)CC1,CHEMBL3904481,None
COc1cc2ncnc(Nc3cccc4cn[nH]c34)c2cc1OC,CHEMBL3797215,None
COc1cc2ncnc(Nc3ccc(Cl)cc3)c2cc1OCCCCCC(=O)NO,CHEMBL3759261,None
CCCC(=O)Nc1cccc(-c2nc(Nc3ccc4[nH]ncc4c3)c3cc(OCCN4CCN(C)CC4)ccc3n2)c1,CHEMBL3666722,None
COc1ccc2c(c1)C(O)CCN2c1nc(C)nc2ccccc12,CHEMBL3126923,None
COc1cc2ncnc(N3CCc4ccccc43)c2cc1OC,CHEMBL328277,None
COc1cc2c(Nc3ccc(NC(=O)Nc4ccc(Cl)cc4)cc3)ncnc2cc1OCc1ccccc1,CHEMBL3965994,None
COc1cc2c(Nc3ccc(Cl)c(Cl)c3)ncnc2cc1OCc1noc(-c2ccccc2)n1,CHEMBL3946018,None
COc1cc2c(Nc3ccc(NC(=O)Nc4ccc(C)c(C)c4)cc3)ncnc2cc1OCc1ccccc1,CHEMBL3951268,None
O=C(Nc1cc(Cl)cc(Cl)c1)Nc1ccc2ncnc(Nc3cccc(C(F)(F)F)c3)c2c1,CHEMBL461419,None
COc1cccc(/C=C/C(=O)c2cccc(Nc3nc(-c4ccc(OC)c(OC)c4)nc4ccccc34)c2)c1,CHEMBL3810065,None
COc1cc2c(Nc3ccc(F)cc3Cl)ncnc2cc1OCCOCCNC(=O)Cn1cnc([N+](=O)[O-])n1,CHEMBL4515673,None
COc1cc2ncnc(Nc3ccc(F)c(Cl)c3)c2cc1NC(=O)N/N=C/c1cccc(Br)c1,CHEMBL4095897,None
C/C=C/c1ccc(Nc2ncnc3ccc(OCCN4CCOCC4)cc23)cc1,CHEMBL4205186,None
N#Cc1ccc(Nc2nc(-c3ccncc3)nc3ccccc23)cc1,CHEMBL3769666,None
COC(=N)c1nc2ccc3ncnc(Nc4ccc5nc[nH]c5c4)c3c2s1,CHEMBL3983413,None
O=[N+]([O-])c1ccc(O)c(Nc2ncnc3ccccc23)c1,CHEMBL1605157,None
O=C(CCCCCCn1cc(-c2ccc3ncnc(Nc4cccc(Cl)c4F)c3c2)nn1)NO,CHEMBL3930620,None
CNS(=O)(=O)c1ccc(N(C)C)c(Nc2ncnc3cc(OCCCN4CCOCC4)ccc23)c1,CHEMBL3814923,None
COc1cc2ncnc(Nc3ccc(OCc4cccc(F)c4)c(Cl)c3)c2cc1OCCCCCn1ccnc1[N+](=O)[O-],CHEMBL3355885,None
Fc1ccc(COc2ccc(Nc3ncnc4ccc(I)cc34)cc2Cl)cc1,CHEMBL587423,None
CN(C)c1cccc2c(S(=O)(=O)NCCN/N=N/c3ccc4ncnc(Nc5cccc(Cl)c5)c4c3)cccc12,CHEMBL606413,None
CCOc1cc2ncnc(Nc3cccc(-c4cocn4)c3)c2cc1OCC,CHEMBL126996,None
CC(C)(C)OC(=O)NCC(=O)Nc1ccc2ncnc(Nc3cccc(C(F)(F)F)c3)c2c1,CHEMBL4084745,None
COc1cc2ncnc(Nc3ccccc3)c2cc1OC.Cl,CHEMBL542484,None
Oc1ccc2c(Nc3ccc(OCc4ccccc4)cc3)ncnc2c1,CHEMBL4441481,None
C#Cc1cccc(Nc2ncnc3cc(OC(C)COC)c4c(c23)OCCO4)c1,CHEMBL3805584,None
COc1cc2ncnc(Nc3cccc(Cl)c3F)c2cc1CN1CCCC1,CHEMBL437885,None
Clc1ccc(Nc2nc(Nc3ccccc3)c3ccccc3n2)cc1Cl,CHEMBL17247,None
COc1cc(-c2cc3c(Nc4cc(O)ccc4Cl)ncnc3cc2OC)ccc1O,CHEMBL3661227,None
Brc1cccc(Nc2ncnc3cc4c(cc23)OCCOCOCOCCO4)c1,CHEMBL2087356,None
Cl.c1ccc(-c2cccc(Nc3ncnc4cc5c(cc34)OCCO5)c2)nc1,CHEMBL3297956,None
COc1cc2c(Nc3ccc(Cl)cc3F)ncnc2cc1OCCn1cncn1,CHEMBL150606,None
COc1cc(Nc2ncnc3ccc(Cl)cc23)cc(OC)c1OC.Cl,CHEMBL545767,None
COc1cc2ncnc(Nc3ccc(Cl)cc3)c2cc1OCCCCCCC(=O)NO,CHEMBL3758839,None
Cc1cccc(/C=C2/SC(N3CCC[C@H]3C(=O)Nc3ccc4ncnc(Nc5cccc(Cl)c5)c4c3)=NC2=O)n1,CHEMBL3586176,None
Oc1ccccc1Nc1nc(-c2ccccc2O)nc2ccccc12,CHEMBL601569,None
CNS(=O)(=O)c1ccc(OCC(F)(F)F)c(Nc2ncnc3cc(OC)cc(OC)c23)c1,CHEMBL3813948,None
CCOC(=O)c1nc(Nc2cc(Oc3cccc(C)c3)cc([N+](=O)[O-])c2)c2ccccc2n1,CHEMBL3339412,None
COc1cc2c(Nc3cccc(C#N)c3)ncnc2cc1OCCCN1CCCCC1,CHEMBL4174281,None
Cc1noc(C)c1-c1nc(Nc2ccc(F)cc2)c2ccccc2n1,CHEMBL1315920,None
O=C(/C=C/C(F)(F)F)Nc1ccc2ncnc(Nc3cccc(Br)c3)c2c1,CHEMBL135142,None
CCOc1cc2ncnc(Nc3ccc(OCc4c(Cl)cccc4Cl)c(OC)c3)c2cc1OCC,CHEMBL587162,None
COc1cc2ncnc(Nc3ccc(F)c(Cl)c3F)c2cc1OC1CCN(C(=O)/C=C/C(=O)NO)CC1,CHEMBL3971350,None
COc1cccc2c(N(C)c3ccccc3)nc(N)nc12,CHEMBL96790,None
O=S(=O)(/C=C/c1ccc(O)cc1)Cc1ccc(Nc2ncnc3ccc(Br)cc23)cc1,CHEMBL159276,None
COc1cc(Nc2ncnc3cc(OCC4CN(C)CCO4)c(OC)cc23)c(OC)cc1Cl,CHEMBL3944702,None
CCC(C)NC(=O)[C@@H](C)Oc1cc(F)ccc1Nc1ncnc2cc(N=S3(=O)CCCC3)cc(C)c12,CHEMBL4111615,None
O=[N+]([O-])c1cc(Nc2nc(-c3cccnc3)nc3ccccc23)ccc1O,CHEMBL4083491,None
COc1cc2c(Nc3ccc(Cl)c(Cl)c3)ncnc2cc1OCc1noc(C2CCCN2)n1,CHEMBL3909596,None
O=C(O[C@H]1CC[C@H](Nc2nc(Nc3ccccc3)c3ccccc3n2)CC1)c1ccccc1,CHEMBL17496,None
COc1cc2c(Nc3ccc(Cl)c(Cl)c3)ncnc2cc1OCCC1CN(C)C(C)(C)CO1,CHEMBL3959495,None
S=C(NCc1ccccc1)Nc1ccc2ncnc(Nc3ccc(Oc4ccccc4)cc3)c2c1,CHEMBL4098758,None
c1cc(Nc2ncnc3cc(OCCN4CCCC4)cc(OC4CCOCC4)c23)c2c(c1)OCO2,CHEMBL385958,None
COc1cc2c(Nc3ccc(Cl)cc3F)ncnc2cc1OCCCN1CCN(C)CC1.Cl,CHEMBL1744347,None
COc1cc2ncnc(Nc3ccc(F)c(Cl)c3F)c2cc1OC1CN(C(=O)/C=C\Cl)C1,CHEMBL3950232,None
CCOC(=O)Nc1ccc(Nc2ncnc3ccccc23)cc1C,CHEMBL3628793,None
O=C(C#CCCN1CCOCC1)Nc1ccc2ncnc(Nc3ccc(F)c(Cl)c3)c2c1,CHEMBL204085,None
COc1cc2c(Nc3ccc(Cl)cc3F)ncnc2cc1OCCN1CCCC1,CHEMBL147180,None
COc1cc2ncnc(Nc3ccc(F)c(Cl)c3)c2cc1OCCCN1CC2(CSC2)C1,CHEMBL2425094,None
COc1ccc(Nc2nc(-c3ccccc3F)nc3ccccc23)cc1OC,CHEMBL1560397,None
COCCOc1cc2ncnc(Nc3ccccc3N(CCCl)CCCl)c2cc1OCCOC,CHEMBL3040794,None
C=CC(=O)N1CCC(Oc2cc3c(Nc4cccc(C#N)c4)ncnc3cc2OC)CC1,CHEMBL3947277,None
COc1cc2nc(SCC(=O)Nc3ccc([N+](=O)[O-])cc3)nc(Nc3c(C)cc(/C=C/C#N)cc3C)c2cc1OC,CHEMBL4590617,None
C=CC(=O)N1CCCC[C@H]1C(=O)Nc1ccc2ncnc(Nc3ccc(OCc4ccccc4)c(Cl)c3)c2c1,CHEMBL565239,None
COc1ccc(N(C)c2nc(C)nc3ccccc23)cc1C(=O)OCCCC[Se]C#N,CHEMBL4071178,None
Fc1cccc(-c2nc(Nc3ccccc3)c3ccccc3n2)c1,CHEMBL1818160,None
Fc1cccc(COc2ccc(Nc3ncnc4ccc(-c5nnc(C(F)(F)F)o5)cc34)cc2Cl)c1,CHEMBL586775,None
CCOc1cc2ncnc(Nc3ccc(OCc4ccccc4Br)c(OC)c3)c2cc1OCC,CHEMBL533478,None
C#Cc1cccc(Nc2ncnc3cc(OCCOC)c(OCCCCCCC(=O)NO)cc23)c1,CHEMBL3893111,None
COc1cc2ncnc(Nc3ccc(OCc4ccccc4)c(C(F)(F)F)c3)c2cc1OC,CHEMBL532790,None
COCCOc1cc2ncnc(Nc3ccc(N(CCCl)CCCl)cc3)c2cc1OCCOC,CHEMBL3040909,None
CCOC(=O)Nc1ccc(Nc2ncnc3cc(OCCN4CCCCC4)c(OC)cc23)cc1C,CHEMBL3304000,None
S=C(NCCN1CCOCC1)Nc1ccc2ncnc(Nc3ccc(Cl)cc3)c2c1,CHEMBL3814816,None
COc1cc2c(Nc3ccc(Cl)c(Cl)c3)ncnc2cc1OCc1nc(N(C)C)no1,CHEMBL3960730,None
Cc1cc(N=S(C)(C)=O)cc2ncnc(Nc3ccc(Cl)cc3O[C@H](C)C(=O)N[C@@H](C)C(F)(F)F)c12,CHEMBL4115037,None
COc1cc(OC)c(Nc2nc(C)nc3ccccc23)c(OC)c1,CHEMBL3928402,None
CC(C)OC(=O)c1nc(Nc2cc(Oc3ccccc3Br)cc([N+](=O)[O-])c2)c2ccccc2n1,CHEMBL3337570,None
Clc1ccc(Nc2nc(Nc3ccccc3)c3ccccc3n2)cc1,CHEMBL17326,None
COc1cc(Nc2ncnc3c(NC(=O)Nc4cccc(Oc5ccccc5)c4)cccc23)cc(OC)c1,CHEMBL3973156,None
COc1cc2nc(N3CCCN(CCN4CCCC4)CC3)nc(Nc3ccc(Cl)cc3)c2cc1OC,CHEMBL488691,None
COc1cccc(Nc2nc(-c3cccnc3)nc3ccccc23)c1,CHEMBL4071162,None
COC(=O)c1ccc(COc2ccc(Nc3ncnc4ccccc34)c(CN(C)C)c2)cc1,CHEMBL231615,None
COc1cc2ncnc(Nc3cccc(F)c3)c2c(OC)c1OC,CHEMBL2409828,None
C=CC(=O)Nc1cc2c(Nc3ccc(Br)cc3F)ncnc2cc1OCCNC(=O)CCCN(C)C,CHEMBL3671538,None
Oc1ccc(Nc2nc(-c3ccncc3)nc3ccccc23)cc1,CHEMBL4060787,None
COc1cccc(Nc2ncnc3ccc(NC(=S)Nc4cccc(F)c4)cc23)c1,CHEMBL585381,None
COCCNC(=O)COc1ccccc1-c1nc(Nc2ccc3[nH]ncc3c2)c2ccccc2n1,CHEMBL3666747,None
N#Cc1ccc(/C=C/C(=O)Nc2cc3c(Nc4ccc(F)c(Cl)c4)ncnc3cc2O[C@H]2CCOC2)cc1,CHEMBL3765810,None
